STATENAME,AGENCYNAME,AGENCYID,GEOAGENCYID,STUDENTWHITE,STUDENTAFRICANAMERICAN,STUDENTLATINO,STUDENTASIAN,STUDENTNATIVE,STUDENTMULTIRACIAL,TEACHERWHITE,TEACHERAFRICANAMERICAN,TEACHERLATINO,TEACHERASIAN,TEACHERNATIVE,TEACHERMULTIRACIAL
CALIFORNIA,Oroville Union High School District,629130,629130,1101,74,435,321,149,82,1220,24,85,9,6,22
CALIFORNIA,Scott Valley Unified School District (9-12),606005,606005,NA,NA,NA,NA,NA,NA,659,221,77,49,7,63
CALIFORNIA,Anaheim Union High School District,602630,602630,3187,726,20684,5490,146,731,2017,12,73,41,7,40
CALIFORNIA,Huntington Beach Union High School District,618060,618060,6207,168,4430,4557,227,551,1003,10,48,6,1,15
CALIFORNIA,Petaluma Joint Union High School District,630250,630250,3118,66,1758,192,31,207,506,2,20,10,140,6
CALIFORNIA,San Rafael City High School District,635110,635110,868,38,1397,171,13,32,1220,24,85,9,6,22
CALIFORNIA,Tamalpais Union High School District,638790,638790,3414,110,531,351,14,273,985,12,102,5,4,33
CALIFORNIA,Perris Union High School District,630210,630210,1664,652,7700,404,26,350,908,7,62,10,3,22
CALIFORNIA,El Dorado Union High School District,612070,612070,4794,72,965,385,61,372,955,6,85,5,4,31
CALIFORNIA,Perris Union High School District (9-12),606034,606034,NA,NA,NA,NA,NA,NA,1125,24,278,24,1,29
CALIFORNIA,Wheatland Union High School District,642350,642350,364,25,223,23,9,95,349,3,114,5,4,7
CALIFORNIA,East Side Union High School District,611820,611820,1433,639,13949,10469,68,491,444,6,20,18,1,16
CALIFORNIA,Mountain View-Los Altos Union School District,626310,626310,1713,65,1069,1017,3,234,453,1,61,3,2,14
CALIFORNIA,Fremont Union High School District,614430,614430,1957,98,1634,6602,9,569,310,0,14,1,0,10
CALIFORNIA,Los Gatos-Saratoga Joint Union School District,622800,622800,1715,15,244,1050,2,342,149,0,4,0,0,4
CALIFORNIA,Campbell Union High School District,607230,607230,3148,202,2684,1368,31,377,169,0,9,3,0,1
CALIFORNIA,Taft Union High School District,638730,638730,520,8,454,14,18,20,688,3,57,4,0,19
CALIFORNIA,Wasco Union High School District,641430,641430,102,29,1712,6,1,5,88,5,8,2,0,4
CALIFORNIA,Le Grand Union High School District,621270,621270,31,4,432,3,6,27,356,1,19,1,0,3
CALIFORNIA,Merced Union High School District,624660,624660,1724,426,6962,1062,56,147,9,0,23,0,400,67
CALIFORNIA,Healdsburg Unified School District (7-12),606038,606038,NA,NA,NA,NA,NA,NA,230,0,25,0,0,8
CALIFORNIA,Corning Union High School District,609810,609810,348,6,516,8,11,53,311,61,43,45,1,25
CALIFORNIA,Red Bluff Joint Union High School District,632010,632010,1015,20,466,25,53,51,591,102,47,64,2,41
CALIFORNIA,Fullerton Joint Union High School District,614760,614760,2387,313,7787,3124,29,343,161,0,31,0,0,3
CALIFORNIA,Chaffey Joint Union High School District,608160,608160,4043,1919,15213,2048,93,578,484,3,78,0,2,8
CALIFORNIA,Trinity Alps Unified School District (9-12),606006,606006,NA,NA,NA,NA,NA,NA,519,360,68,62,5,44
CALIFORNIA,Hamilton Unified School District (9-12),606025,606025,NA,NA,NA,NA,NA,NA,1487,32,197,16,2,40
CALIFORNIA,Twin Rivers Unified School District (9-12),606003,606003,NA,NA,NA,NA,NA,NA,1005,10,69,26,4,34
CALIFORNIA,Twin Rivers Unified School District (7-12),606004,606004,NA,NA,NA,NA,NA,NA,1412,20,534,23,3,47
CALIFORNIA,West Sonoma County Union High School District,602670,602670,1374,25,405,68,17,55,73,5,28,0,1,1
CALIFORNIA,Santa Rosa High School District,635830,635830,4098,252,5362,794,93,664,98,4,10,1,1,3
CALIFORNIA,Lassen Union High School District,621060,621060,562,19,123,40,60,2,401,2,14,22,0,10
CALIFORNIA,Woodlake Unified School District (9-12),606026,606026,NA,NA,NA,NA,NA,NA,448,7,26,41,0,6
CALIFORNIA,Exeter Unified School District (9-12),606028,606028,NA,NA,NA,NA,NA,NA,301,1,6,4,0,29
CALIFORNIA,Santa Maria Joint Union High School District,635670,635670,780,80,6599,259,23,117,805,4,29,9,1,12
CALIFORNIA,Santa Ynez Valley Union High School District,635850,635850,492,2,408,5,10,39,360,0,5,6,0,2
CALIFORNIA,Dunsmuir Joint Union High School District,611700,611700,39,2,15,0,3,6,488,1,21,8,33,12
CALIFORNIA,Kingsburg Joint Union High School District,619830,619830,383,7,703,37,6,24,73,0,12,2,0,3
CALIFORNIA,San Benito High School District,634140,634140,765,12,2149,73,6,38,228,3,30,8,0,12
CALIFORNIA,Northern Humboldt Union High School District,603030,603030,1202,13,184,37,90,213,625,9,18,6,3,4
CALIFORNIA,Fortuna Union High School District,614190,614190,664,4,272,22,47,96,374,5,37,4,1,8
CALIFORNIA,Centinela Valley Union High School District,607920,607920,237,1242,5527,318,14,234,162,2,5,0,1,3
CALIFORNIA,William S. Hart Union High School District,642510,642510,10403,1279,10650,2893,83,1514,166,1,1,2,0,7
CALIFORNIA,Chowchilla Union High School District,608550,608550,370,21,642,23,9,8,369,2,13,4,0,7
CALIFORNIA,Gonzales Unified School District (9-12),606053,606053,NA,NA,NA,NA,NA,NA,826,21,93,11,2,16
CALIFORNIA,Modesto City High School District,625150,625150,4067,537,8547,1083,57,1097,214,1,56,3,0,4
CALIFORNIA,Washington Unified School District (9-12),606018,606018,NA,NA,NA,NA,NA,NA,424,5,29,3,1,16
CALIFORNIA,Dinuba Unified School District (9-12),606016,606016,NA,NA,NA,NA,NA,NA,296,3,51,2,0,14
CALIFORNIA,Jefferson Union High School District,618930,618930,750,99,1367,2231,11,404,729,12,51,10,4,11
CALIFORNIA,Victor Valley Union High School District,636972,636972,2113,2480,8020,453,158,819,303,7,154,8,6,14
CALIFORNIA,Santa Barbara Unified School District (7-12),606019,606019,NA,NA,NA,NA,NA,NA,1386,13,74,19,2,41
CALIFORNIA,Galt Joint Union High School District,614820,614820,758,34,1243,35,7,114,152,1,8,3,0,5
CALIFORNIA,Nevada Joint Union High School District,626880,626880,2337,23,320,52,41,89,472,2,20,2,1,18
CALIFORNIA,Escondido Union High School District,612910,612910,2592,214,6028,515,25,204,421,6,14,10,54,23
CALIFORNIA,Fallbrook Union High School District,613530,613530,655,44,1453,42,25,45,425,2,31,2,0,12
CALIFORNIA,Grossmont Union High School District,616230,616230,9249,1477,8403,927,136,1517,678,4,14,3,0,14
CALIFORNIA,Julian Union High School District,619110,619110,84,0,43,1,11,11,627,3,20,4,1,11
CALIFORNIA,San Dieguito Union High School District,634380,634380,8485,98,1730,2253,43,342,353,0,30,0,0,6
CALIFORNIA,Sweetwater Union High School District,638640,638640,2322,1057,31293,4035,61,1903,487,6,95,4,9,5
CALIFORNIA,Delano Joint Union High School District,610860,610860,57,23,3628,495,3,18,565,1,9,2,8,11
CALIFORNIA,Tulare Joint Union High School District,639930,639930,1071,175,4060,93,34,53,1860,34,99,98,7,63
CALIFORNIA,Porterville Unified School District (9-12),606107,606107,NA,NA,NA,NA,NA,NA,2586,100,210,115,95,233
CALIFORNIA,Acalanes Union High School District,601650,601650,3649,95,508,867,9,402,5502,133,178,149,53,158
CALIFORNIA,Liberty Union High School District,621600,621600,3491,750,2781,826,36,315,408,7,33,3,1,17
CALIFORNIA,Central Union High School District,608010,608010,159,37,3871,42,5,5,3044,123,190,130,6,155
CALIFORNIA,Lammersville Joint Unified School District (9-12),606020,606020,NA,NA,NA,NA,NA,NA,1068,7,27,0,6,18
CALIFORNIA,Antelope Valley Union Joint High School District,602820,602820,3260,4209,14653,674,77,1032,461,6,50,1,2,13
CALIFORNIA,Alhambra Unified School District (9-12),606037,606037,NA,NA,NA,NA,NA,NA,1392,8,57,15,10,36
CALIFORNIA,El Monte Union High School District,612120,612120,123,29,6934,1917,7,23,412,6,6,4,0,12
CALIFORNIA,Whittier Union High School District,642480,642480,990,108,10674,275,21,52,2844,248,191,288,1,142
CALIFORNIA,Santa Paula Unified School District (9-12),606022,606022,NA,NA,NA,NA,NA,NA,2374,57,350,23,22,76
CALIFORNIA,Bret Harte Union High School District,605940,605940,497,0,138,13,10,38,534,1,129,1,1,19
CALIFORNIA,East Nicolaus Joint Union High School District,611780,611780,210,3,75,13,4,10,1231,20,91,12,1,21
CALIFORNIA,Sutter Union High School District,638610,638610,492,4,198,22,17,43,927,18,68,4,5,7
CALIFORNIA,San Mateo Union High School District,634980,634980,2634,87,2847,2740,19,777,1672,32,108,10,2,25
CALIFORNIA,Sequoia Union High School District,636390,636390,3515,255,4578,1117,35,411,3121,34,148,75,2,90
CALIFORNIA,South Monterey County Joint Union High School District,619650,619650,115,10,2102,14,10,22,2642,104,173,55,5,138
CALIFORNIA,Salinas Union High School District,633980,633980,1297,136,12949,563,21,74,2593,1549,2240,55,52,454
CALIFORNIA,Hanford Joint Union High School District,616500,616500,996,194,2435,116,17,41,1621,22,159,6,1,53
CALIFORNIA,Lemoore Union High School District,621400,621400,573,130,1208,165,73,35,7527,575,1283,222,38,661
CALIFORNIA,Placer Union High School District,630750,630750,3101,26,559,52,47,289,658,4,18,3,3,13
CALIFORNIA,Roseville Joint Union High School District,633630,633630,6074,403,1846,1298,47,536,427,4,8,6,10,4
CALIFORNIA,Turlock Unified School District (9-12),606013,606013,NA,NA,NA,NA,NA,NA,2701,98,622,24,18,113
CALIFORNIA,Bishop Unified School District (9-12),606021,606021,NA,NA,NA,NA,NA,NA,603,10,65,5,3,31
CALIFORNIA,Siskiyou Union High School District,636940,636940,337,14,102,22,33,47,660,7,71,6,2,21
CALIFORNIA,Yreka Union High School District,643410,643410,424,5,98,8,36,63,2263,55,423,37,6,13
CALIFORNIA,Yosemite Unified School District (9-12),606001,606001,NA,NA,NA,NA,NA,NA,1809,12,80,8,231,140
CALIFORNIA,Santa Cruz City High School District,635600,635600,2415,58,1706,181,21,201,363,12,339,3,1,5
CALIFORNIA,Shasta Union High School District,636600,636600,4009,103,776,326,198,319,669,5,26,1,0,17
CALIFORNIA,Tracy Unified School District (9-12),606031,606031,NA,NA,NA,NA,NA,NA,853,15,49,9,12,0
CALIFORNIA,Kern High School District,619540,619540,8464,2279,25271,1584,248,859,309,3,15,2,0,7
CALIFORNIA,Point Arena Joint Union High School District,631230,631230,59,0,76,1,11,1,577,2,21,3,6,14
CALIFORNIA,Brawley Union High School District,605820,605820,152,21,1650,17,1,5,2807,30,93,246,7,131
CALIFORNIA,Santa Cruz City High School District (9-12),606015,606015,NA,NA,NA,NA,NA,NA,691,5,14,1,0,12
CALIFORNIA,Anderson Union High School District,602700,602700,1274,30,293,59,104,52,1043,132,94,18,9,39
CALIFORNIA,Oxnard Union High School District,629270,629270,2457,288,13287,1018,24,327,1167,16,12,6,10,8
CALIFORNIA,Sonora Union High School District,637260,637260,769,10,211,21,16,41,382,4,10,1,0,2
CALIFORNIA,Summerville Union High School District,638280,638280,791,16,159,11,44,35,793,8,13,4,11,5
CALIFORNIA,Oakdale Joint Unified School District (9-12),699013,699013,NA,NA,NA,NA,NA,NA,1154,53,184,18,1,82
CALIFORNIA,Hughson Unified School District (9-12),699012,699012,NA,NA,NA,NA,NA,NA,3508,69,209,60,3,135
CALIFORNIA,Riverdale Joint Unified School District (9-12),699003,699003,NA,NA,NA,NA,NA,NA,702,9,31,2,3,20
CALIFORNIA,Sierra Unified School District (9-12),699004,699004,NA,NA,NA,NA,NA,NA,471,5,24,0,1,15
CALIFORNIA,Orland Joint Unified School District (9-12),699005,699005,NA,NA,NA,NA,NA,NA,613,7,12,3,1,15
CALIFORNIA,Upper Lake Unified School District (9-12),699008,699008,NA,NA,NA,NA,NA,NA,1434,2,61,13,46,50
CALIFORNIA,Santa Cruz City High School District (6-12),699011,699011,NA,NA,NA,NA,NA,NA,1359,34,115,36,9,19
CALIFORNIA,Nevada Joint Union High School District (9-12),699014,699014,NA,NA,NA,NA,NA,NA,3511,17,180,48,9,70
CALIFORNIA,Gridley Unified School District (9-12),699001,699001,NA,NA,NA,NA,NA,NA,4815,342,269,665,53,606
CALIFORNIA,Eureka City Unified School District (9-12),699007,699007,NA,NA,NA,NA,NA,NA,3363,35,67,314,12,101
CALIFORNIA,Eureka City Unified School District (7-12),699006,699006,NA,NA,NA,NA,NA,NA,593,3,9,6,6,0
CALIFORNIA,Coast Unified School District (9-12),699009,699009,NA,NA,NA,NA,NA,NA,4602,95,244,755,25,157
CALIFORNIA,Paso Robles Joint Unified School District (9-12),699010,699010,NA,NA,NA,NA,NA,NA,5642,205,463,1598,64,433
CALIFORNIA,Caruthers Unified School District (9-12),699002,699002,NA,NA,NA,NA,NA,NA,559,3,13,2,2,8
CALIFORNIA,Three Rivers Union Elementary School District,639210,639210,88,0,31,5,1,15,678,5,27,40,0,14
CALIFORNIA,Richgrove Elementary School District,632430,632430,7,0,597,16,3,0,2438,59,109,373,14,174
CALIFORNIA,Tipton Elementary School District,639300,639300,12,3,509,6,1,33,1064,4,28,6,0,37
CALIFORNIA,Sequoia Union Elementary School District,636360,636360,212,0,108,3,2,8,2072,27,136,15,39,75
CALIFORNIA,Kings River Union Elementary School District,619740,619740,33,1,416,3,0,2,299,2,5,0,20,6
CALIFORNIA,Sunnyside Union Elementary School District,638430,638430,33,0,321,1,0,0,663,1,26,23,1,3
CALIFORNIA,Tulare City Elementary School District,639870,639870,1533,285,7411,211,30,95,887,1,43,1,0,17
CALIFORNIA,Strathmore Union Elementary School District,638130,638130,76,1,719,3,16,2,820,8,15,9,9,11
CALIFORNIA,Stone Corral Elementary School District,638040,638040,123,9,568,14,4,24,585,7,26,3,2,2
CALIFORNIA,Capay Joint Union Elementary School District,607410,607410,104,0,82,1,0,5,516,8,714,1,2,6
CALIFORNIA,Lake Elementary School District,620610,620610,118,1,48,0,1,1,145,0,0,1,0,2
CALIFORNIA,Plaza Elementary School District,630870,630870,126,0,60,2,2,10,658,9,72,10,6,12
CALIFORNIA,Mother Lode Union Elementary School District,625980,625980,633,8,370,9,29,36,727,11,23,16,11,34
CALIFORNIA,Rescue Union Elementary School District,632310,632310,2674,41,580,244,9,172,450,10,40,1,2,1
CALIFORNIA,Gold Trail Union Elementary School District,615450,615450,564,6,77,7,11,20,655,2,36,6,3,26
CALIFORNIA,Silver Fork Elementary School District,636810,636810,10,0,1,0,0,0,1916,41,47,11,15,17
CALIFORNIA,Buckeye Union Elementary School District,606270,606270,3599,47,742,469,14,345,433,1,7,2,7,7
CALIFORNIA,Placerville Union Elementary School District,630780,630780,816,5,377,13,13,69,4961,215,405,1026,21,284
CALIFORNIA,Pollock Pines Elementary School District,631290,631290,525,8,107,14,7,26,3017,294,184,293,13,217
CALIFORNIA,Gold Oak Union Elementary School District,615390,615390,405,7,48,2,8,6,3891,122,268,298,12,153
CALIFORNIA,Latrobe Elementary School District,621180,621180,111,0,16,4,2,10,4483,17,235,42,6,133
CALIFORNIA,Pioneer Union Elementary School District,630480,630480,200,1,56,4,2,40,4775,46,305,73,11,166
CALIFORNIA,Indian Diggings Elementary School District,618240,618240,12,0,3,0,0,2,4846,1012,2278,313,90,633
CALIFORNIA,Camino Union Elementary School District,607170,607170,292,0,154,1,12,44,485,1,59,4,2,12
CALIFORNIA,Ross Valley Elementary School District,600006,600006,1782,22,210,86,8,125,4,0,48,0,773,14
CALIFORNIA,Bolinas-Stinson Union Elementary School District,605520,605520,52,1,20,2,0,10,353,0,5,1,2,5
CALIFORNIA,Dixie Elementary School District,611220,611220,1307,36,290,212,3,134,836,8,84,4,43,15
CALIFORNIA,Kentfield Elementary School District,619380,619380,853,12,140,63,2,187,485,2,18,2,1,13
CALIFORNIA,Laguna Joint Elementary School District,620430,620430,1,0,8,0,0,8,189,0,0,0,0,0
CALIFORNIA,Lagunitas Elementary School District,620520,620520,204,4,30,8,0,16,912,17,20,4,0,14
CALIFORNIA,Larkspur Elementary School District,620910,620910,1078,7,180,74,2,182,1036,18,21,5,7,6
CALIFORNIA,Lincoln Elementary School District,621660,621660,9,0,1,0,0,2,389,2,16,2,13,13
CALIFORNIA,Mill Valley Elementary School District,624870,624870,2415,22,238,152,7,294,311,0,5,0,0,11
CALIFORNIA,Nicasio Elementary School District,627300,627300,27,0,13,3,0,0,1487,17,96,5,7,51
CALIFORNIA,Earlimart Elementary School District,611760,611760,13,5,1861,38,0,22,282,2,12,2,2,13
CALIFORNIA,Pixley Union Elementary School District,630630,630630,39,21,1038,6,2,0,1054,5,28,10,25,40
CALIFORNIA,Ducor Union Elementary School District,611550,611550,5,0,162,0,1,0,708,10,35,4,25,9
CALIFORNIA,Columbine Elementary School District,609510,609510,12,2,175,12,0,6,11572,4772,5734,2440,80,2401
CALIFORNIA,Woodville Elementary School District,643170,643170,9,0,426,1,0,0,5331,792,723,752,19,617
CALIFORNIA,Terra Bella Union Elementary School District,639060,639060,24,3,875,8,2,2,3733,59,184,81,1,123
CALIFORNIA,Outside Creek Elementary School District,629160,629160,27,0,83,1,0,1,843,2,74,6,7,11
CALIFORNIA,Springville Union Elementary School District,637770,637770,234,0,65,7,10,1,222,0,2,0,0,0
CALIFORNIA,Rockford Elementary School District,633270,633270,165,2,180,13,3,7,3131,48,50,28,13,44
CALIFORNIA,Hot Springs Elementary School District,617640,617640,11,0,4,0,0,3,2288,23,123,11,13,33
CALIFORNIA,Penn Valley Union Elementary School District,601427,601427,472,4,67,8,12,37,673,31,23,5,0,37
CALIFORNIA,Fortuna Elementary School District,601420,601420,745,8,474,13,39,98,2295,24,87,22,3,72
CALIFORNIA,Mountain House Elementary School District,626130,626130,8,0,6,0,2,0,1163,19,76,22,8,52
CALIFORNIA,Mark Twain Union Elementary School District,623970,623970,580,8,170,13,19,43,4712,87,149,125,13,82
CALIFORNIA,Vallecito Union Elementary School District,640680,640680,440,1,100,7,8,36,1717,19,112,18,501,170
CALIFORNIA,Reed Union Elementary School District,632160,632160,1227,11,59,114,2,117,1475,34,87,38,7,35
CALIFORNIA,Ross Elementary School District,633660,633660,341,0,24,7,1,10,3255,156,184,213,8,135
CALIFORNIA,San Rafael City Elementary School District,635090,635090,1269,46,3194,194,15,40,630,4,26,1,0,12
CALIFORNIA,Sausalito Elementary School District,636000,636000,176,119,154,58,2,49,228,2,13,3,1,3
CALIFORNIA,El Monte City School District,612090,612090,124,22,6776,1531,0,0,350,5,5,0,7,2
CALIFORNIA,Garvey Elementary School District,614940,614940,73,20,1861,2796,5,50,220,4,5,0,2,5
CALIFORNIA,Hermosa Beach City Elementary School District,617040,617040,1011,8,150,76,5,128,520,6,6,1,0,2
CALIFORNIA,Rosemead Elementary School District,633570,633570,48,4,1016,1307,3,133,359,7,6,0,0,4
CALIFORNIA,Lawndale Elementary School District,621210,621210,271,596,4599,357,6,199,645,5,147,5,1,4
CALIFORNIA,Alpine Union Elementary School District,602100,602100,1111,37,400,42,81,74,697,2,229,5,5,10
CALIFORNIA,Cajon Valley Union Elementary School District,606810,606810,8086,1025,6065,587,34,1127,361,5,16,0,3,5
CALIFORNIA,Cardiff Elementary School District,607470,607470,513,1,132,9,0,49,792,6,61,4,0,50
CALIFORNIA,Chula Vista Elementary School District,608610,608610,3268,1073,21148,3504,47,1013,2070,33,222,13,0,67
CALIFORNIA,Dehesa Elementary School District,610710,610710,2971,306,2050,349,51,595,899,17,20,7,2,21
CALIFORNIA,Del Mar Union Elementary School District,610740,610740,2230,33,467,1384,6,293,287,0,17,3,0,3
CALIFORNIA,Encinitas Union Elementary School District,612750,612750,3598,50,1161,259,22,223,4168,141,89,58,140,161
CALIFORNIA,Escondido Union Elementary School District,612880,612880,3636,276,13482,781,39,751,537,5,29,2,56,57
CALIFORNIA,Fallbrook Union Elementary School District,613500,613500,1546,169,3053,71,6,161,252,2,1,1,3,7
CALIFORNIA,Jamul-Dulzura Union Elementary School District,618730,618730,358,13,409,16,5,42,799,10,18,12,3,10
CALIFORNIA,Julian Union Elementary School District,619140,619140,2185,127,1410,153,83,409,1706,21,64,15,3,35
CALIFORNIA,La Mesa-Spring Valley School District,620250,620250,3414,1153,6010,727,32,953,2029,21,138,27,7,62
CALIFORNIA,Lakeside Union Elementary School District,620790,620790,3569,196,1932,211,110,295,1451,6,65,6,7,36
CALIFORNIA,Lemon Grove Elementary School District,621330,621330,377,602,2302,242,26,248,1803,19,91,3,4,8
CALIFORNIA,National Elementary School District,626670,626670,137,93,4941,617,6,134,936,23,79,20,7,35
CALIFORNIA,Rancho Santa Fe Elementary School District,631740,631740,468,5,72,45,2,49,2299,75,130,38,10,70
CALIFORNIA,San Pasqual Union Elementary School District,635040,635040,341,10,146,14,1,41,2904,72,606,29,10,114
CALIFORNIA,San Ysidro Elementary School District,635220,635220,72,107,4366,209,1,60,377,0,24,5,2,11
CALIFORNIA,Santee School District,635880,635880,3759,107,1896,244,30,725,1022,6,64,10,2,20
CALIFORNIA,Romoland Elementary School District,633390,633390,828,191,2607,159,8,39,800,4,13,0,5,12
CALIFORNIA,Nuview Union Elementary School District,627780,627780,433,311,2084,55,12,77,10913,3158,6179,323,48,1204
CALIFORNIA,Menifee Union School District,624540,624540,4481,720,5065,754,55,601,909,16,12,7,18,30
CALIFORNIA,Perris Elementary School District,630180,630180,212,450,5231,58,8,4,1413,13,48,11,10,36
CALIFORNIA,East Whittier City Elementary School District,611850,611850,984,69,7431,241,11,93,1547,16,67,18,7,43
CALIFORNIA,Lowell Joint Elementary School District,623010,623010,785,50,2114,129,3,72,1436,22,69,14,12,21
CALIFORNIA,South Whittier Elementary School District,637560,637560,89,19,2753,49,4,4,3044,45,120,38,9,88
CALIFORNIA,Los Nietos Elementary School District,622890,622890,32,8,1567,16,2,20,1594,5,47,8,1,50
CALIFORNIA,Whittier City Elementary School District,642450,642450,230,40,5574,54,12,165,4470,40,230,70,12,83
CALIFORNIA,Little Lake City Elementary School District,621930,621930,197,78,4031,99,11,38,2522,43,420,36,5,77
CALIFORNIA,Hawthorne Elementary School District,616680,616680,194,1743,6117,433,26,60,255,2,26,1,0,1
CALIFORNIA,Mountain View Elementary School District,626190,626190,1,14,6628,371,3,35,803,6,30,7,0,28
CALIFORNIA,Valle Lindo Elementary School District,640650,640650,10,0,1054,52,0,1,1510,13,42,17,2,23
CALIFORNIA,Eastside Union Elementary School District,611910,611910,285,768,2166,65,9,104,1379,26,121,3,14,13
CALIFORNIA,Newhall Elementary School District,627180,627180,2071,153,3223,846,21,392,1715,25,140,7,6,41
CALIFORNIA,Keppel Union Elementary School District,619440,619440,379,135,2056,8,6,44,922,12,65,6,1,16
CALIFORNIA,Saugus Union Elementary School District,635970,635970,4654,368,3190,1403,24,261,498,11,27,1,2,9
CALIFORNIA,Sulphur Springs Union Elementary School District,638220,638220,1425,291,2909,515,15,215,588,7,188,10,1,21
CALIFORNIA,Palmdale Elementary School District,629580,629580,1458,3367,16785,364,168,270,3573,38,199,107,18,116
CALIFORNIA,Westside Union Elementary School District,642120,642120,3206,986,4167,413,20,510,255,7,4,4,8,0
CALIFORNIA,Gorman Elementary School District,615600,615600,1248,99,796,115,9,224,155,0,15,2,121,39
CALIFORNIA,Wilsona Elementary School District,642810,642810,205,145,896,4,15,50,8676,282,564,1054,62,536
CALIFORNIA,Hughes-Elizabeth Lakes Union Elementary School District,617880,617880,132,2,57,1,1,9,1348,25,79,30,6,92
CALIFORNIA,Mount Baldy Joint Elementary School District,626340,626340,56,3,37,5,1,4,794,9,7,9,1,2
CALIFORNIA,Round Valley Joint Elementary School District,633690,633690,99,0,22,3,7,7,325,6,22,5,10,8
CALIFORNIA,Janesville Union Elementary School District,618780,618780,280,1,38,3,7,14,3005,28,137,30,12,50
CALIFORNIA,Johnstonville Elementary School District,619050,619050,159,0,31,1,2,13,329,1,13,2,0,4
CALIFORNIA,Bayshore Elementary School District,604200,604200,10,15,158,171,0,14,1408,22,142,12,2,42
CALIFORNIA,Belmont-Redwood Shores Elementary School District,604530,604530,1797,71,500,1320,6,536,328,4,48,3,2,5
CALIFORNIA,Brisbane Elementary School District,606060,606060,134,8,148,137,0,37,637,5,35,2,6,11
CALIFORNIA,Burlingame Elementary School District,606480,606480,1775,22,506,805,6,296,1295,11,254,14,0,44
CALIFORNIA,Hillsborough City Elementary School District,617190,617190,864,4,52,415,5,143,253,5,13,6,0,7
CALIFORNIA,Jefferson Elementary School District,618870,618870,729,152,2474,3297,15,372,1202,32,45,8,405,37
CALIFORNIA,Pacifica School District,620460,620460,1303,41,803,555,8,440,525,4,73,1,2,7
CALIFORNIA,Las Lomitas Elementary School District,622380,622380,654,17,138,198,2,377,1126,11,26,3,3,16
CALIFORNIA,Menlo Park City Elementary School District,624570,624570,1786,35,460,357,4,357,5822,110,476,513,25,257
CALIFORNIA,Millbrae Elementary School District,624900,624900,504,22,464,1271,3,168,927,27,164,5,3,14
CALIFORNIA,Portola Valley Elementary School District,631470,631470,433,8,91,38,0,57,1294,52,549,45,5,47
CALIFORNIA,Ravenswood City Elementary School District,631860,631860,23,255,3209,316,4,46,2736,42,485,38,7,74
CALIFORNIA,Redwood City Elementary School District,632130,632130,1717,91,6467,422,7,283,689,2,97,3,2,9
CALIFORNIA,San Bruno Park Elementary School District,634230,634230,571,48,1033,770,3,244,990,52,1145,23,6,24
CALIFORNIA,San Carlos Elementary School District,634290,634290,2061,33,521,472,2,427,609,9,69,19,0,0
CALIFORNIA,Arvin Union School District,603270,603270,95,16,2902,7,5,3,3855,67,186,98,23,168
CALIFORNIA,Bakersfield City School District,603630,603630,2899,2422,23959,405,150,537,9813,2092,5832,1483,757,1172
CALIFORNIA,Beardsley Elementary School District,604260,604260,923,58,690,6,7,126,964,26,88,15,7,44
CALIFORNIA,Belridge Elementary School District,604560,604560,0,0,32,0,0,0,526,3,53,8,0,4
CALIFORNIA,Blake Elementary School District,605250,605250,7,0,4,0,0,0,65,4,2,8,0,1
CALIFORNIA,Panama-Buena Vista School District,606390,606390,3840,1640,10176,1755,66,423,276,3,9,2,3,9
CALIFORNIA,Buttonwillow Union Elementary School District,606720,606720,27,3,339,3,1,1,591,0,14,2,24,26
CALIFORNIA,Caliente Union Elementary School District,606960,606960,43,0,5,0,0,3,471,9,61,2,2,4
CALIFORNIA,Delano Union Elementary School District,610890,610890,100,25,6488,716,12,46,1163,9,19,14,3,27
CALIFORNIA,Di Giorgio Elementary School District,611130,611130,10,0,219,0,0,0,1619,3,58,1,23,46
CALIFORNIA,Edison Elementary School District,611940,611940,125,20,872,5,11,26,349,1,9,0,13,10
CALIFORNIA,Elk Hills Elementary School District,612360,612360,156,4,20,0,1,4,443,4,40,2,9,26
CALIFORNIA,Ravendale-Termo Elementary School District,631830,631830,480,9,93,6,22,50,571,2,6,0,1,3
CALIFORNIA,Richmond Elementary School District,632520,632520,183,0,19,1,1,12,455,6,21,6,5,1
CALIFORNIA,Shaffer Union Elementary School District,636420,636420,103,0,58,3,9,7,439,2,186,6,0,2
CALIFORNIA,Susanville Elementary School District,638550,638550,604,15,261,75,53,88,4366,90,231,233,62,118
CALIFORNIA,Jefferson Elementary School District,618840,618840,771,108,873,432,7,126,279,1,4,3,5,3
CALIFORNIA,New Hope Elementary School District,626970,626970,15,8,170,3,0,3,2359,24,295,29,8,60
CALIFORNIA,New Jerusalem Elementary School District,627030,627030,1373,574,1823,428,41,349,424,2,6,5,0,6
CALIFORNIA,Oak View Union Elementary School District,627930,627930,193,1,178,13,1,16,1166,18,37,9,2,28
CALIFORNIA,Valley Home Joint Elementary School District,640800,640800,92,2,74,2,0,5,2454,35,264,37,101,101
CALIFORNIA,Banta Elementary School District,603870,603870,169,23,357,181,0,40,583,3,11,3,2,6
CALIFORNIA,Galt Joint Union Elementary School District,614790,614790,1217,47,2129,145,11,67,1046,12,15,5,8,19
CALIFORNIA,San Mateo-Foster City Elementary School District,634920,634920,3091,132,4097,3677,12,961,861,3,70,4,5,22
CALIFORNIA,Woodside Elementary School District,643140,643140,283,9,45,22,0,41,330,3,55,0,2,7
CALIFORNIA,Fairfax Elementary School District,613290,613290,128,81,2370,62,6,52,11566,773,1639,1896,106,386
CALIFORNIA,Fruitvale Elementary School District,614700,614700,1563,98,1220,149,30,151,697,13,92,1,2,11
CALIFORNIA,General Shafter Elementary School District,615000,615000,14,0,130,2,0,0,291,0,9,2,0,2
CALIFORNIA,Greenfield Union School District,616050,616050,622,659,7722,213,30,115,369,4,20,1,0,5
CALIFORNIA,Kernville Union Elementary School District,619590,619590,677,10,145,9,32,8,407,4,1,0,0,1
CALIFORNIA,Lakeside Union School District,620730,620730,333,83,798,104,9,47,5686,475,1912,1665,37,453
CALIFORNIA,Lamont Elementary School District,620850,620850,43,4,3012,9,0,7,943,6,82,18,5,8
CALIFORNIA,Richland Union School District,621450,621450,155,11,3258,39,1,2,1206,10,72,9,1,28
CALIFORNIA,Lost Hills Union Elementary School District,622950,622950,1,2,560,2,0,2,389,2,23,3,0,18
CALIFORNIA,Maple Elementary School District,623760,623760,95,0,196,1,0,0,655,0,27,56,0,24
CALIFORNIA,McKittrick Elementary School District,624330,624330,61,0,13,0,1,2,1589,8,33,3,5,40
CALIFORNIA,Alvina Elementary School District,602370,602370,24,0,154,2,2,0,747,1,2,2,2,7
CALIFORNIA,Big Creek Elementary School District,604860,604860,39,0,15,0,0,1,577,2,27,3,8,15
CALIFORNIA,Burrel Union Elementary School District,606540,606540,9,0,100,3,0,0,882,4,26,2,1,19
CALIFORNIA,Clay Joint Elementary School District,608850,608850,154,0,67,9,0,14,2276,149,683,139,20,250
CALIFORNIA,Kingsburg Elementary Charter School District,619800,619800,724,7,1368,60,4,68,873,9,88,10,1,22
CALIFORNIA,Bella Vista Elementary School District,604350,604350,275,7,39,12,17,11,337,1,4,0,3,4
CALIFORNIA,Black Butte Union Elementary School District,605220,605220,162,2,22,4,12,11,274,3,6,1,0,12
CALIFORNIA,Cascade Union Elementary School District,607680,607680,635,20,244,78,70,33,1984,12,116,38,13,91
CALIFORNIA,Castle Rock Union Elementary School District,607770,607770,30,2,9,0,3,6,633,2,62,5,2,5
CALIFORNIA,Columbia Elementary School District,609450,609450,989,7,153,40,31,143,1673,14,52,17,10,44
CALIFORNIA,Cottonwood Union Elementary School District,609990,609990,805,8,155,26,41,56,749,6,29,4,0,18
CALIFORNIA,Enterprise Elementary School District,612810,612810,2228,74,640,278,92,474,2147,57,189,31,17,51
CALIFORNIA,French Gulch-Whiskeytown Elementary School District,614490,614490,18,0,5,0,0,8,381,0,28,3,0,4
CALIFORNIA,Grant Elementary School District,615690,615690,486,3,71,17,11,49,1885,10,41,13,9,40
CALIFORNIA,Monroe Elementary School District,625290,625290,4,0,159,7,0,0,986,2,75,8,55,53
CALIFORNIA,Monson-Sultana Joint Union Elementary School District,625350,625350,35,0,401,2,0,2,1100,48,175,26,2,4
CALIFORNIA,Orange Center Elementary School District,628530,628530,225,53,417,80,13,44,488,5,2,3,2,2
CALIFORNIA,Pacific Union Elementary School District,629400,629400,42,5,333,14,3,2,8851,40202,19881,5234,480,1558
CALIFORNIA,Pine Ridge Elementary School District,630390,630390,88,0,8,0,0,0,4601,1181,465,305,24,505
CALIFORNIA,Raisin City Elementary School District,631680,631680,47,43,566,19,4,14,129,2,6,2,0,6
CALIFORNIA,Washington Colony Elementary School District,641460,641460,36,4,378,6,1,3,771,5,38,8,0,12
CALIFORNIA,Big Springs Union Elementary School District,604980,604980,121,1,34,5,3,15,319,0,4,1,0,0
CALIFORNIA,Happy Valley Union Elementary School District,616570,616570,330,3,85,30,33,19,987,5,45,6,1,24
CALIFORNIA,"Igo, Ono, Platina Union Elementary School District",618160,618160,23,4,6,5,1,0,1977,21,121,19,8,40
CALIFORNIA,Indian Springs Elementary School District,618270,618270,9,0,2,0,0,0,2069,24,199,18,6,30
CALIFORNIA,Junction Elementary School District,619200,619200,227,1,32,2,9,8,1123,9,152,12,25,24
CALIFORNIA,Millville Elementary School District,624930,624930,218,0,13,2,2,16,451,3,31,1,1,13
CALIFORNIA,Mountain Union Elementary School District,627040,627040,30,1,27,0,13,5,NA,NA,NA,NA,NA,NA
CALIFORNIA,North Cow Creek Elementary School District,627510,627510,214,2,17,4,7,19,683,1,19,1,0,33
CALIFORNIA,Oak Run Elementary School District,627870,627870,54,0,1,0,1,8,105,2,0,3,1,0
CALIFORNIA,Pacheco Union Elementary School District,629280,629280,462,2,86,18,19,26,435,8,6,2,0,3
CALIFORNIA,Redding Elementary School District,632040,632040,2241,61,484,94,109,230,1498,38,327,16,10,16
CALIFORNIA,Shasta Union Elementary School District,636570,636570,119,2,15,2,12,1,547,2,92,7,1,16
CALIFORNIA,Whitmore Union Elementary School District,642420,642420,159,3,25,2,1,26,1304,10,141,14,3,46
CALIFORNIA,Atwater Elementary School District,603420,603420,969,113,3511,231,35,105,564,6,60,1,1,8
CALIFORNIA,Ballico-Cressey Elementary School District,603750,603750,104,5,211,11,3,39,1262,1,35,13,1,58
CALIFORNIA,El Nido Elementary School District,612150,612150,22,0,138,2,2,0,240,2,138,0,0,7
CALIFORNIA,Le Grand Union Elementary School District,621240,621240,32,3,360,2,0,4,3494,161,632,490,31,244
CALIFORNIA,Livingston Union School District,622170,622170,84,10,2151,256,14,7,807,1,18,2,5,7
CALIFORNIA,McSwain Union Elementary School District,624360,624360,403,4,360,55,3,34,7557,5047,5280,255,71,899
CALIFORNIA,Merced City Elementary School District,624600,624600,1611,563,7232,1123,31,342,1312,15,61,18,499,64
CALIFORNIA,Merced River Union Elementary School District,624630,624630,51,1,112,0,2,9,207,2,3,2,22,10
CALIFORNIA,Plainsburg Union Elementary School District,630810,630810,71,0,52,1,0,0,653,7,37,5,6,11
CALIFORNIA,Planada Elementary School District,630840,630840,15,5,782,3,2,0,371,3,20,0,7,9
CALIFORNIA,Snelling-Merced Falls Union Elementary School District,636960,636960,38,1,34,0,1,2,2427,36,195,21,22,53
CALIFORNIA,Weaver Union Elementary School District,641880,641880,296,132,1928,437,13,60,799,4,17,6,1,1
CALIFORNIA,Winton School District,642960,642960,144,15,1692,76,10,5,275,3,1,1,0,6
CALIFORNIA,Bogus Elementary School District,605490,605490,14,0,0,0,0,6,291,3,5,0,2,5
CALIFORNIA,Butteville Union Elementary School District,606690,606690,1,0,30,0,0,180,1040,9,21,11,1,22
CALIFORNIA,Delphic Elementary School District,610980,610980,32,0,10,0,3,12,5885,175,453,86,30,195
CALIFORNIA,Dunsmuir Elementary School District,611670,611670,54,0,20,0,3,13,964,8,36,1,2,2
CALIFORNIA,Forks of Salmon Elementary School District,614040,614040,8,0,1,0,0,1,5491,492,832,230,27,247
CALIFORNIA,Gazelle Union Elementary School District,614970,614970,16,3,6,0,4,1,130,5,7,1,2,8
CALIFORNIA,Grenada Elementary School District,616110,616110,164,2,15,0,5,15,614,7,27,0,4,13
CALIFORNIA,Happy Camp Union Elementary School District,616530,616530,36,0,9,0,49,17,1306,22,86,22,25,25
CALIFORNIA,Hornbrook Elementary School District,617620,617620,35,0,4,0,2,17,1005,7,116,11,30,68
CALIFORNIA,Junction Elementary School District,619230,619230,3,0,4,0,16,1,1452,39,104,62,14,71
CALIFORNIA,Klamath River Union Elementary School District,619920,619920,10,2,2,0,3,6,942,2,57,7,1,13
CALIFORNIA,Little Shasta Elementary School District,621960,621960,6,0,1,0,2,2,525,2,29,6,260,66
CALIFORNIA,McCloud Union Elementary School District,624210,624210,43,0,11,0,3,9,1033,18,260,6,7,43
CALIFORNIA,Montague Elementary School District,625380,625380,75,1,27,5,10,57,958,14,48,0,23,9
CALIFORNIA,Mount Shasta Union Elementary School District,626040,626040,462,16,62,18,9,13,2099,41,61,17,53,26
CALIFORNIA,Bonny Doon Union Elementary School District,605640,605640,152,0,5,3,2,1,379,4,9,1,3,4
CALIFORNIA,Happy Valley Elementary School District,616560,616560,87,1,6,8,2,21,58,4,15,2,287,4
CALIFORNIA,Live Oak Elementary School District,621990,621990,665,53,1116,103,26,106,135,3,9,1,5,7
CALIFORNIA,Mountain Elementary School District,626070,626070,101,0,9,1,0,7,1437,8,32,10,437,115
CALIFORNIA,Pacific Elementary School District,629340,629340,62,0,35,1,0,8,470,0,11,3,0,17
CALIFORNIA,Santa Cruz City Elementary School District,635590,635590,1110,36,844,118,5,93,309,2,5,7,0,11
CALIFORNIA,Soquel Elementary School District,637290,637290,1151,12,631,50,9,128,503,2,22,4,4,19
CALIFORNIA,West Park Elementary School District,642060,642060,58,12,518,36,6,8,580,6,22,7,4,25
CALIFORNIA,Westside Elementary School District,642210,642210,354,57,677,30,9,54,2497,59,135,28,101,99
CALIFORNIA,Seiad Elementary School District,636240,636240,5,0,6,1,4,3,1192,17,310,17,94,66
CALIFORNIA,Weed Union Elementary School District,641980,641980,136,18,66,14,5,30,210,0,9,0,0,11
CALIFORNIA,Willow Creek Elementary School District,642600,642600,25,0,2,0,3,9,1101,16,17,5,1,30
CALIFORNIA,Yreka Union Elementary School District,643380,643380,574,7,150,25,149,54,411,7,25,1,0,11
CALIFORNIA,Ballard Elementary School District,603720,603720,105,1,18,3,0,2,487,7,12,2,0,9
CALIFORNIA,Blochman Union Elementary School District,605280,605280,814,15,326,23,8,91,208,0,2,2,5,8
CALIFORNIA,Santa Maria-Bonita Elementary School District,605580,605580,519,71,15869,327,30,52,503,7,48,3,3,11
CALIFORNIA,Buellton Union Elementary School District,606330,606330,294,4,268,8,4,36,667,1,3,7,0,10
CALIFORNIA,Cold Spring Elementary School District,609270,609270,140,2,14,8,0,5,731,4,67,3,1,11
CALIFORNIA,College Elementary School District,609330,609330,190,0,163,3,15,22,541,1,21,4,2,3
CALIFORNIA,Goleta Union Elementary School District,615510,615510,1273,29,1791,265,4,209,552,2,13,3,10,7
CALIFORNIA,Guadalupe Union Elementary School District,616260,616260,23,6,1238,7,3,3,4771,62,128,86,28,136
CALIFORNIA,Hope Elementary School District,617490,617490,562,17,343,42,1,45,1066,15,39,66,2,9
CALIFORNIA,Los Olivos Elementary School District,622920,622920,104,0,33,1,0,8,371,6,10,3,1,2
CALIFORNIA,Montecito Union Elementary School District,625500,625500,356,4,26,4,1,22,888,19,39,4,9,5
CALIFORNIA,Orcutt Union Elementary School District,628710,628710,2240,42,2457,158,37,340,302,1,16,1,1,0
CALIFORNIA,Solvang Elementary School District,637110,637110,245,6,313,7,4,16,5682,142,435,196,25,159
CALIFORNIA,Vista del Mar Union Elementary School District,641220,641220,24,0,36,3,4,31,7824,447,490,706,42,405
CALIFORNIA,Solana Beach Elementary School District,636990,636990,1598,10,423,760,3,218,1107,17,71,11,2,19
CALIFORNIA,South Bay Union School District,637380,637380,503,207,6137,325,12,193,1464,13,44,11,3,37
CALIFORNIA,Spencer Valley Elementary School District,637680,637680,1004,193,709,129,19,222,214,0,3,1,18,2
CALIFORNIA,Vallecitos Elementary School District,640710,640710,67,2,260,5,4,3,4918,61,183,115,11,209
CALIFORNIA,Lennox Elementary School District,621420,621420,30,296,6376,57,4,454,304,1,101,0,2,1
CALIFORNIA,Castaic Union School District,607740,607740,988,52,942,171,2,79,786,4,29,0,2,13
CALIFORNIA,Lancaster Elementary School District,620880,620880,1943,4447,7855,363,56,549,424,747,125,199,7,112
CALIFORNIA,Brawley Elementary School District,605790,605790,143,34,3794,17,1,3,1557,176,527,47,18,121
CALIFORNIA,El Centro Elementary School District,612030,612030,182,74,5696,29,3,65,3357,134,376,492,18,182
CALIFORNIA,Heber Elementary School District,616830,616830,9,0,1234,0,0,2,2014,76,330,136,18,90
CALIFORNIA,Magnolia Union Elementary School District,623460,623460,72,0,58,5,0,1,1192,9,15,7,7,24
CALIFORNIA,McCabe Union Elementary School District,624180,624180,159,4,1174,48,0,4,340,3,8,0,19,10
CALIFORNIA,Meadows Union Elementary School District,624390,624390,65,5,413,2,1,2,1240,15,23,6,18,49
CALIFORNIA,Mulberry Elementary School District,626430,626430,36,2,45,3,0,4,452,10,19,4,79,12
CALIFORNIA,Seeley Union Elementary School District,636210,636210,21,3,299,3,2,7,1869,62,338,111,10,112
CALIFORNIA,Westmorland Union Elementary School District,642180,642180,17,0,363,0,0,0,4773,262,894,486,34,149
CALIFORNIA,Armona Union Elementary School District,603180,603180,348,54,1051,24,27,38,693,78,265,27,20,44
CALIFORNIA,Central Union Elementary School District,607980,607980,598,128,663,95,131,162,1403,284,173,260,5,36
CALIFORNIA,Hanford Elementary School District,616470,616470,949,272,4428,111,25,169,657,12,26,12,4,6
CALIFORNIA,Island Union Elementary School District,618510,618510,215,2,151,0,0,19,1031,10,135,5,3,15
CALIFORNIA,Kings River-Hardwick Union Elementary School District,619770,619770,478,2,316,6,1,24,1143,9,57,10,5,29
CALIFORNIA,Kit Carson Union Elementary School District,619890,619890,220,19,571,6,5,16,986,2,54,11,0,25
CALIFORNIA,Lakeside Union Elementary School District,620760,620760,14,17,278,13,0,12,318,2,10,2,0,12
CALIFORNIA,Lemoore Union Elementary School District,621360,621360,656,144,2130,156,24,139,928,10,77,4,2,29
CALIFORNIA,Victor Elementary School District,641040,641040,1887,2457,7586,393,138,290,2303,187,607,46,26,61
CALIFORNIA,Adelanto Elementary School District,601710,601710,1014,2156,6338,227,35,518,2311,259,159,180,4,122
CALIFORNIA,Oro Grande Elementary School District,628950,628950,985,446,2138,55,43,155,2014,158,884,278,22,170
CALIFORNIA,Cucamonga Elementary School District,616300,616300,210,352,1750,171,11,22,200,0,4,0,0,5
CALIFORNIA,Mountain View Elementary School District,626220,626220,295,191,1866,124,2,80,1194,9,99,17,11,26
CALIFORNIA,Central Elementary School District,607950,607950,1260,467,2348,350,4,110,286,2,4,2,0,10
CALIFORNIA,Etiwanda Elementary School District,612960,612960,3308,1420,6237,2271,28,728,1308,64,37,42,3,60
CALIFORNIA,Ontario-Montclair School District,628470,628470,730,515,19375,607,139,299,248,3,1,2,1,1
CALIFORNIA,Alta Loma Elementary School District,602160,602160,2281,381,2676,529,31,90,373,0,11,4,3,7
CALIFORNIA,Helendale Elementary School District,616860,616860,1038,170,1228,74,13,146,279,2,17,1,79,25
CALIFORNIA,Pioneer Union Elementary School District,630510,630510,625,84,721,136,18,29,154,0,15,0,117,56
CALIFORNIA,Traver Joint Elementary School District,639600,639600,9,0,200,6,0,1,2816,34,86,79,9,64
CALIFORNIA,Alta-Dutch Flat Union Elementary School District,602250,602250,91,0,6,1,1,5,1182,5,63,4,13,57
CALIFORNIA,Colfax Elementary School District,609300,609300,251,1,29,1,1,29,333,1,13,3,78,48
CALIFORNIA,Auburn Union Elementary School District,603480,603480,1209,28,626,51,21,100,1186,77,76,8,17,71
CALIFORNIA,Loomis Union Elementary School District,622560,622560,3272,34,530,154,39,164,1125,40,47,17,3,39
CALIFORNIA,Placer Hills Union Elementary School District,630720,630720,620,5,53,7,7,29,130,1,5,1,7,2
CALIFORNIA,Cayucos Elementary School District,607840,607840,138,0,47,5,0,21,3461,24,235,70,6,150
CALIFORNIA,Alview-Dairyland Union Elementary School District,602360,602360,156,0,213,10,1,1,3298,29,113,43,81,108
CALIFORNIA,Bass Lake Joint Union Elementary School District,604080,604080,657,5,162,20,17,30,2720,94,158,104,153,155
CALIFORNIA,Chowchilla Elementary School District,608520,608520,644,41,1428,49,8,33,780,9,44,8,1,6
CALIFORNIA,Ackerman Elementary School District,601680,601680,460,4,74,9,2,37,703,2,36,2,0,7
CALIFORNIA,Dry Creek Joint Elementary School District,611490,611490,3758,291,1303,716,48,612,431,4,5,2,0,8
CALIFORNIA,Roseville City Elementary School District,633600,633600,5528,223,2402,1285,60,1056,613,3,17,45,9,9
CALIFORNIA,Eureka Union Elementary School District,613080,613080,2263,76,362,354,23,305,3625,16,203,59,11,106
CALIFORNIA,Newcastle Elementary School District,627120,627120,1488,24,258,272,6,209,3634,63,251,361,9,92
CALIFORNIA,Foresthill Union Elementary School District,613980,613980,322,6,41,7,8,14,2361,47,173,219,4,146
CALIFORNIA,Elverta Joint Elementary School District,612600,612600,124,31,87,14,6,26,736,39,204,22,7,45
CALIFORNIA,Rio Bravo-Greeley Union Elementary School District,632710,632710,544,13,425,23,20,8,2849,120,192,104,10,162
CALIFORNIA,Rosedale Union Elementary School District,633480,633480,3032,150,1847,338,43,209,3511,377,999,204,8,331
CALIFORNIA,Cuddeback Union Elementary School District,610230,610230,103,0,13,0,8,9,662,22,53,7,2,24
CALIFORNIA,Cutten Elementary School District,610380,610380,369,6,105,36,47,59,3502,196,290,94,26,284
CALIFORNIA,Fieldbrook Elementary School District,613740,613740,112,2,6,2,9,15,5140,320,602,662,25,369
CALIFORNIA,Semitropic Elementary School District,636330,636330,7,2,216,0,1,0,199,1,19,2,1,12
CALIFORNIA,South Fork Union School District,637470,637470,180,0,43,0,9,9,8559,736,2900,479,33,376
CALIFORNIA,Standard Elementary School District,637890,637890,2033,32,914,35,40,76,7,4,1,0,0,2
CALIFORNIA,Taft City School District,638700,638700,887,17,1213,22,9,68,427,0,14,0,3,21
CALIFORNIA,Vineland Elementary School District,641130,641130,8,0,711,2,0,5,838,4,26,0,66,21
CALIFORNIA,Wasco Union Elementary School District,641400,641400,125,69,3380,25,2,9,1049,10,20,10,4,15
CALIFORNIA,Freshwater Elementary School District,614520,614520,250,2,41,6,9,34,412,10,8,4,9,9
CALIFORNIA,Garfield Elementary School District,614910,614910,57,3,3,0,3,3,178,0,0,0,2,0
CALIFORNIA,Green Point Elementary School District,615990,615990,10,0,0,0,0,1,719,6,14,14,6,6
CALIFORNIA,Hydesville Elementary School District,618120,618120,160,0,16,1,0,19,1195,3,43,9,11,44
CALIFORNIA,Jacoby Creek Elementary School District,618660,618660,331,4,53,15,7,45,1220,24,85,9,6,22
CALIFORNIA,Kneeland Elementary School District,619980,619980,21,0,0,3,4,1,659,221,77,49,7,63
CALIFORNIA,Loleta Union Elementary School District,622320,622320,134,1,78,15,45,32,2017,12,73,41,7,40
CALIFORNIA,Maple Creek Elementary School District,623730,623730,5,1,1,0,1,4,1003,10,48,6,1,15
CALIFORNIA,McKinleyville Union Elementary School District,624300,624300,748,10,167,19,95,112,506,2,20,10,140,6
CALIFORNIA,Orick Elementary School District,628830,628830,13,0,0,0,0,1,1220,24,85,9,6,22
CALIFORNIA,Pacific Union Elementary School District,629430,629430,347,5,127,8,19,63,985,12,102,5,4,33
CALIFORNIA,Brentwood Union Elementary School District,605910,605910,3812,639,2719,1042,29,676,908,7,62,10,3,22
CALIFORNIA,Byron Union Elementary School District,606750,606750,1336,92,527,140,50,89,955,6,85,5,4,31
CALIFORNIA,Peninsula Union Elementary School District,630090,630090,29,2,3,0,1,1,1125,24,278,24,1,29
CALIFORNIA,Rio Dell Elementary School District,632730,632730,216,2,75,1,14,24,349,3,114,5,4,7
CALIFORNIA,Scotia Union Elementary School District,636100,636100,155,0,23,3,5,25,444,6,20,18,1,16
CALIFORNIA,South Bay Union Elementary School District,637350,637350,578,6,166,26,42,97,453,1,61,3,2,14
CALIFORNIA,Trinidad Union Elementary School District,639720,639720,143,0,18,1,15,21,310,0,14,1,0,10
CALIFORNIA,Canyon Elementary School District,607350,607350,47,2,7,4,0,12,149,0,4,0,0,4
CALIFORNIA,Knightsen Elementary School District,620040,620040,299,3,229,21,1,32,169,0,9,3,0,1
CALIFORNIA,Lafayette Elementary School District,620310,620310,2578,30,293,378,4,332,688,3,57,4,0,19
CALIFORNIA,Moraga Elementary School District,625740,625740,1145,16,158,315,3,261,88,5,8,2,0,4
CALIFORNIA,Oakley Union Elementary School District,628080,628080,1644,477,2298,358,28,210,356,1,19,1,0,3
CALIFORNIA,Orinda Union Elementary School District,628860,628860,1712,36,128,474,13,179,9,0,23,0,400,67
CALIFORNIA,Walnut Creek Elementary School District,641250,641250,2089,86,492,630,4,288,230,0,25,0,0,8
CALIFORNIA,Briggs Elementary School District,606030,606030,26,0,513,0,0,3,311,61,43,45,1,25
CALIFORNIA,Hueneme Elementary School District,617850,617850,730,78,6987,353,37,194,591,102,47,64,2,41
CALIFORNIA,Howell Mountain Elementary School District,617760,617760,32,3,45,4,1,1,161,0,31,0,0,3
CALIFORNIA,Pope Valley Union Elementary School District,631380,631380,18,0,35,0,2,3,484,3,78,0,2,8
CALIFORNIA,Arena Union Elementary School District,603090,603090,113,0,154,0,28,18,519,360,68,62,5,44
CALIFORNIA,Manchester Union Elementary School District,623550,623550,16,0,31,0,0,0,1487,32,197,16,2,40
CALIFORNIA,Antelope Elementary School District,602760,602760,568,9,187,12,16,24,1005,10,69,26,4,34
CALIFORNIA,Corning Union Elementary School District,609780,609780,625,23,1384,37,37,7,1412,20,534,23,3,47
CALIFORNIA,Elkins Elementary School District,612420,612420,11,0,3,0,1,0,73,5,28,0,1,1
CALIFORNIA,Evergreen Union Elementary School District,613170,613170,911,5,179,19,36,42,98,4,10,1,1,3
CALIFORNIA,Flournoy Union Elementary School District,613860,613860,18,0,3,0,0,0,401,2,14,22,0,10
CALIFORNIA,Gerber Union Elementary School District,615090,615090,107,1,294,2,12,10,448,7,26,41,0,6
CALIFORNIA,Kirkwood Elementary School District,619860,619860,68,0,30,1,1,4,301,1,6,4,0,29
CALIFORNIA,Lassen View Union Elementary School District,621090,621090,214,2,70,0,8,4,805,4,29,9,1,12
CALIFORNIA,Mesa Union Elementary School District,624720,624720,527,23,566,78,5,77,360,0,5,6,0,2
CALIFORNIA,Mupu Elementary School District,626460,626460,103,4,139,5,2,15,488,1,21,8,33,12
CALIFORNIA,Ocean View Elementary School District,628170,628170,152,27,2331,104,3,24,73,0,12,2,0,3
CALIFORNIA,Oxnard Elementary School District,629220,629220,577,195,15564,372,18,96,228,3,30,8,0,12
CALIFORNIA,Pleasant Valley Elementary School District,630990,630990,3127,203,2732,763,27,432,625,9,18,6,3,4
CALIFORNIA,Rio Elementary School District,632760,632760,352,47,4418,245,13,67,374,5,37,4,1,8
CALIFORNIA,Santa Clara Elementary School District,635490,635490,26,0,24,1,0,5,162,2,5,0,1,3
CALIFORNIA,Somis Union Elementary School District,637140,637140,81,0,164,3,0,11,166,1,1,2,0,7
CALIFORNIA,Camptonville Elementary School District,607260,607260,335,4,91,7,10,72,369,2,13,4,0,7
CALIFORNIA,Plumas Lake Elementary School District,631180,631180,668,41,321,86,15,141,826,21,93,11,2,16
CALIFORNIA,Wheatland Elementary School District,642330,642330,781,63,299,57,17,117,214,1,56,3,0,4
CALIFORNIA,Red Bluff Union Elementary School District,631980,631980,1137,23,734,23,63,80,424,5,29,3,1,16
CALIFORNIA,Reeds Creek Elementary School District,632250,632250,121,1,16,0,7,6,296,3,51,2,0,14
CALIFORNIA,Richfield Elementary School District,632400,632400,117,1,109,5,2,8,729,12,51,10,4,11
CALIFORNIA,Twin Ridges Elementary School District,600012,600012,62,0,13,0,0,20,303,7,154,8,6,14
CALIFORNIA,Chicago Park Elementary School District,608340,608340,140,0,23,4,3,12,1386,13,74,19,2,41
CALIFORNIA,Clear Creek Elementary School District,608880,608880,124,0,14,0,1,6,152,1,8,3,0,5
CALIFORNIA,Grass Valley Elementary School District,615780,615780,1293,24,303,39,59,18,472,2,20,2,1,18
CALIFORNIA,Nevada City Elementary School District,626820,626820,701,9,72,10,9,67,421,6,14,10,54,23
CALIFORNIA,Pleasant Ridge Union Elementary School District,630930,630930,983,2,111,12,6,64,425,2,31,2,0,12
CALIFORNIA,Union Hill Elementary School District,640380,640380,556,1,50,9,5,48,678,4,14,3,0,14
CALIFORNIA,Lucerne Elementary School District,623040,623040,151,5,73,2,10,23,627,3,20,4,1,11
CALIFORNIA,Belleview Elementary School District,604500,604500,100,5,32,4,2,4,353,0,30,0,0,6
CALIFORNIA,Columbia Union Elementary School District,609480,609480,404,10,51,13,9,44,487,6,95,4,9,5
CALIFORNIA,Curtis Creek Elementary School District,610320,610320,349,3,73,2,6,25,565,1,9,2,8,11
CALIFORNIA,Jamestown Elementary School District,618690,618690,260,7,126,9,11,28,1860,34,99,98,7,63
CALIFORNIA,Sonora Elementary School District,637230,637230,531,3,116,36,6,36,2586,100,210,115,95,233
CALIFORNIA,Soulsbyville Elementary School District,637320,637320,371,2,82,1,5,33,5502,133,178,149,53,158
CALIFORNIA,Summerville Elementary School District,638250,638250,253,3,71,0,33,42,408,7,33,3,1,17
CALIFORNIA,Twain Harte School District,640200,640200,203,0,37,5,3,6,3044,123,190,130,6,155
CALIFORNIA,Arcohe Union Elementary School District,603060,603060,198,12,204,9,5,23,1068,7,27,0,6,18
CALIFORNIA,Robla Elementary School District,633240,633240,325,342,1037,483,26,71,461,6,50,1,2,13
CALIFORNIA,Alexander Valley Union School District,601890,601890,80,1,48,0,0,1,1392,8,57,15,10,36
CALIFORNIA,Bellevue Union School District,604380,604380,179,29,1585,62,17,23,412,6,6,4,0,12
CALIFORNIA,Bennett Valley Union Elementary School District,604650,604650,666,23,220,57,4,65,2844,248,191,288,1,142
CALIFORNIA,Cinnabar Elementary School District,608700,608700,85,2,175,4,0,4,2374,57,350,23,22,76
CALIFORNIA,Dunham Elementary School District,611610,611610,136,0,36,0,0,14,534,1,129,1,1,19
CALIFORNIA,Forestville Union Elementary School District,614010,614010,211,1,98,3,4,23,1231,20,91,12,1,21
CALIFORNIA,Fort Ross Elementary School District,614130,614130,12,0,12,0,0,0,927,18,68,4,5,7
CALIFORNIA,Gravenstein Union Elementary School District,615840,615840,477,2,137,36,4,71,1672,32,108,10,2,25
CALIFORNIA,Bangor Union Elementary School District,603780,603780,67,0,13,0,4,3,3121,34,148,75,2,90
CALIFORNIA,Feather Falls Union Elementary School District,613710,613710,20,4,14,0,23,17,2642,104,173,55,5,138
CALIFORNIA,Guerneville Elementary School District,616320,616320,165,8,88,5,16,4,2593,1549,2240,55,52,454
CALIFORNIA,Harmony Union School District,616620,616620,416,14,152,25,6,67,1621,22,159,6,1,53
CALIFORNIA,Horicon Elementary School District,617580,617580,16,0,35,0,5,3,7527,575,1283,222,38,661
CALIFORNIA,Kenwood Elementary School District,619410,619410,115,1,16,2,0,15,658,4,18,3,3,13
CALIFORNIA,Liberty Elementary School District,621540,621540,639,85,171,50,10,168,427,4,8,6,10,4
CALIFORNIA,Mark West Union Elementary School District,624000,624000,854,14,423,69,25,90,2701,98,622,24,18,113
CALIFORNIA,Monte Rio Union Elementary School District,625410,625410,62,1,9,2,0,16,603,10,65,5,3,31
CALIFORNIA,Montgomery Elementary School District,625650,625650,23,0,3,2,0,0,660,7,71,6,2,21
CALIFORNIA,Oak Grove Union Elementary School District,627840,627840,633,13,371,25,12,85,2263,55,423,37,6,13
CALIFORNIA,Old Adobe Union Elementary School District,628320,628320,913,26,853,89,8,103,1809,12,80,8,231,140
CALIFORNIA,Petaluma City Elementary School District,630230,630230,1422,29,761,67,15,110,363,12,339,3,1,5
CALIFORNIA,Piner-Olivet Union Elementary School District,630450,630450,495,45,646,120,22,94,669,5,26,1,0,17
CALIFORNIA,Kashia Elementary School District,632340,632340,0,0,0,1,9,3,853,15,49,9,12,0
CALIFORNIA,Rincon Valley Union Elementary School District,632640,632640,2035,96,983,259,50,129,309,3,15,2,0,7
CALIFORNIA,Roseland School District,633510,633510,84,20,2633,40,34,41,577,2,21,3,6,14
CALIFORNIA,Santa Rosa Elementary School District,635810,635810,1392,94,3286,272,36,235,2807,30,93,246,7,131
CALIFORNIA,Sebastopol Union Elementary School District,636180,636180,562,6,255,14,5,86,691,5,14,1,0,12
CALIFORNIA,Twin Hills Union Elementary School District,640230,640230,882,8,207,14,4,137,1043,132,94,18,9,39
CALIFORNIA,Two Rock Union Elementary School District,640260,640260,75,1,73,4,0,13,1167,16,12,6,10,8
CALIFORNIA,Alisal Union Elementary School District,601950,601950,117,34,8414,149,4,517,382,4,10,1,0,2
CALIFORNIA,Bitterwater-Tully Union Elementary School District,605190,605190,21,0,11,0,0,0,793,8,13,4,11,5
CALIFORNIA,Bradley Union Elementary School District,605730,605730,131,3,53,6,5,16,1154,53,184,18,1,82
CALIFORNIA,Chualar Union Elementary School District,608580,608580,2,0,336,0,0,0,3508,69,209,60,3,135
CALIFORNIA,Chatom Union Elementary School District,608250,608250,184,0,403,0,0,14,702,9,31,2,3,20
CALIFORNIA,Empire Union Elementary School District,612690,612690,734,143,1831,149,14,154,471,5,24,0,1,15
CALIFORNIA,Gratton Elementary School District,615810,615810,106,2,18,5,2,2,613,7,12,3,1,15
CALIFORNIA,Hart-Ransom Union Elementary School District,616650,616650,566,24,499,60,5,35,1434,2,61,13,46,50
CALIFORNIA,Golden Feather Union Elementary School District,615480,615480,142,0,32,3,6,15,1359,34,115,36,9,19
CALIFORNIA,Manzanita Elementary School District,623700,623700,139,0,109,19,2,19,3511,17,180,48,9,70
CALIFORNIA,Oroville City Elementary School District,629100,629100,1478,85,454,236,98,345,4815,342,269,665,53,606
CALIFORNIA,Palermo Union Elementary School District,629540,629540,572,9,432,41,69,123,3363,35,67,314,12,101
CALIFORNIA,Pioneer Union Elementary School District,630520,630520,42,0,14,0,1,9,593,3,9,6,6,0
CALIFORNIA,Thermalito Union School District,639180,639180,647,32,196,427,66,125,4602,95,244,755,25,157
CALIFORNIA,Brittan Elementary School District,606090,606090,309,0,102,0,5,50,5642,205,463,1598,64,433
CALIFORNIA,Browns Elementary School District,606100,606100,73,1,63,6,0,9,559,3,13,2,2,8
CALIFORNIA,Franklin Elementary School District,614340,614340,277,3,104,45,2,47,678,5,27,40,0,14
CALIFORNIA,Marcum-Illinois Union Elementary School District,623800,623800,1543,54,385,85,29,319,2438,59,109,373,14,174
CALIFORNIA,Meridian Elementary School District,624690,624690,585,129,197,66,6,107,1064,4,28,6,0,37
CALIFORNIA,Nuestro Elementary School District,627750,627750,319,22,69,40,6,34,2072,27,136,15,39,75
CALIFORNIA,Pleasant Grove Joint Union Elementary School District,630900,630900,150,1,27,7,1,8,299,2,5,0,20,6
CALIFORNIA,Winship Robbins Elementary School District,642900,642900,395,2,245,20,4,74,663,1,26,23,1,3
CALIFORNIA,Waugh Elementary School District,641790,641790,529,15,206,64,2,93,887,1,43,1,0,17
CALIFORNIA,West Side Union Elementary School District,642270,642270,110,0,62,0,0,7,820,8,15,9,9,11
CALIFORNIA,Graves Elementary School District,615870,615870,8,0,33,4,0,1,585,7,26,3,2,2
CALIFORNIA,Greenfield Union Elementary School District,616080,616080,45,6,3448,17,3,3,516,8,714,1,2,6
CALIFORNIA,King City Union Elementary School District,619680,619680,125,4,2493,35,7,17,145,0,0,1,0,2
CALIFORNIA,Lagunita Elementary School District,620490,620490,45,0,42,0,1,11,658,9,72,10,6,12
CALIFORNIA,Mission Union Elementary School District,625110,625110,28,0,93,4,0,1,727,11,23,16,11,34
CALIFORNIA,Pleasant Valley Joint Union Elementary School District,631020,631020,47,0,37,3,0,12,450,10,40,1,2,1
CALIFORNIA,Salinas City Elementary School District,633930,633930,497,68,8162,166,5,125,655,2,36,6,3,26
CALIFORNIA,San Antonio Union Elementary School District,634050,634050,75,8,55,2,1,16,1916,41,47,11,15,17
CALIFORNIA,San Ardo Union Elementary School District,634080,634080,5,0,91,0,0,1,433,1,7,2,7,7
CALIFORNIA,San Lucas Union Elementary School District,634770,634770,10,0,55,2,0,1,4961,215,405,1026,21,284
CALIFORNIA,San Miguel Joint Union Elementary School District,635010,635010,402,1,448,7,3,31,3017,294,184,293,13,217
CALIFORNIA,Santa Rita Union Elementary School District,635790,635790,329,24,3047,86,5,28,3891,122,268,298,12,153
CALIFORNIA,Spreckels Union Elementary School District,637710,637710,525,4,305,57,2,80,4483,17,235,42,6,133
CALIFORNIA,Washington Union Elementary School District,641610,641610,562,3,190,81,1,51,4775,46,305,73,11,166
CALIFORNIA,Hickman Community Charter School District,617160,617160,712,15,268,41,4,31,4846,1012,2278,313,90,633
CALIFORNIA,Keyes Union Elementary School District,619620,619620,389,1,691,31,2,26,485,1,59,4,2,12
CALIFORNIA,Knights Ferry Elementary School District,620010,620010,78,1,20,1,0,19,4,0,48,0,773,14
CALIFORNIA,Modesto City Elementary School District,625130,625130,2501,364,10546,760,57,1102,353,0,5,1,2,5
CALIFORNIA,Paradise Elementary School District,629790,629790,6,1,57,0,0,135,836,8,84,4,43,15
CALIFORNIA,Roberts Ferry Union Elementary School District,633210,633210,69,1,48,1,0,12,485,2,18,2,1,13
CALIFORNIA,Salida Union Elementary School District,633900,633900,904,101,1929,188,3,157,189,0,0,0,0,0
CALIFORNIA,Shiloh Elementary School District,636660,636660,43,0,99,1,0,15,912,17,20,4,0,14
CALIFORNIA,Stanislaus Union Elementary School District,637950,637950,746,201,1775,435,28,273,1036,18,21,5,7,6
CALIFORNIA,Sylvan Union Elementary School District,638670,638670,3095,347,3500,865,32,560,389,2,16,2,13,13
CALIFORNIA,Alum Rock Union Elementary School District,602310,602310,194,156,9154,1965,21,134,311,0,5,0,0,11
CALIFORNIA,Los Altos Elementary School District,622650,622650,2142,23,360,1473,8,521,1487,17,96,5,7,51
CALIFORNIA,Cupertino Union Elementary School District,610290,610290,2852,115,932,13927,22,750,282,2,12,2,2,13
CALIFORNIA,Saratoga Union Elementary School District,635910,635910,565,3,71,1075,1,191,1054,5,28,10,25,40
CALIFORNIA,Burnt Ranch Elementary School District,606510,606510,33,4,20,2,32,5,708,10,35,4,25,9
CALIFORNIA,Coffee Creek Elementary School District,609240,609240,4,0,0,0,0,3,11572,4772,5734,2440,80,2401
CALIFORNIA,Douglas City Elementary School District,611430,611430,140,0,20,4,2,22,5331,792,723,752,19,617
CALIFORNIA,Junction City Elementary School District,619170,619170,48,0,6,2,8,6,3733,59,184,81,1,123
CALIFORNIA,Lewiston Elementary School District,621480,621480,52,0,7,1,1,1,843,2,74,6,7,11
CALIFORNIA,Trinity Center Elementary School District,639750,639750,13,0,1,0,0,0,222,0,2,0,0,0
CALIFORNIA,Burton Elementary School District,606570,606570,1007,33,3305,249,61,26,3131,48,50,28,13,44
CALIFORNIA,Palo Verde Union Elementary School District,629670,629670,64,1,460,0,6,4,2288,23,123,11,13,33
CALIFORNIA,Oak Valley Union Elementary School District,627900,627900,127,8,418,2,6,3,673,31,23,5,0,37
CALIFORNIA,Saucelito Elementary School District,635940,635940,28,2,62,0,0,2,2295,24,87,22,3,72
CALIFORNIA,Pleasant View Elementary School District,631050,631050,4,0,422,32,2,16,1163,19,76,22,8,52
CALIFORNIA,Buena Vista Elementary School District,606420,606420,63,4,139,0,0,3,4712,87,149,125,13,82
CALIFORNIA,Hope Elementary School District,617520,617520,107,0,143,2,0,3,1717,19,112,18,501,170
CALIFORNIA,Liberty Elementary School District,621570,621570,199,15,332,4,3,20,1475,34,87,38,7,35
CALIFORNIA,Alta Vista Elementary School District,602220,602220,76,0,449,24,4,2,3255,156,184,213,8,135
CALIFORNIA,Linns Valley-Poso Flat Union School District,621900,621900,18,0,3,0,0,1,630,4,26,1,0,12
CALIFORNIA,Sundale Union Elementary School District,638340,638340,419,3,389,6,3,1,228,2,13,3,1,3
CALIFORNIA,Waukena Joint Union Elementary School District,641820,641820,31,1,207,1,0,0,350,5,5,0,7,2
CALIFORNIA,Campbell Union Elementary School District,607200,607200,1809,262,3515,1216,15,648,220,4,5,0,2,5
CALIFORNIA,Loma Prieta Joint Union Elementary School District,622350,622350,375,2,43,26,1,60,520,6,6,1,0,2
CALIFORNIA,Los Gatos Union Elementary School District,622830,622830,2199,18,247,620,20,159,359,7,6,0,0,4
CALIFORNIA,Lakeside Joint Elementary School District,620700,620700,48,0,13,6,0,19,645,5,147,5,1,4
CALIFORNIA,Mountain View Whisman Elementary School District,626280,626280,1546,79,2041,923,2,534,697,2,229,5,5,10
CALIFORNIA,Sunnyvale Elementary School District,638460,638460,1455,88,1969,2196,146,682,361,5,16,0,3,5
CALIFORNIA,Franklin-McKinley Elementary School District,614370,614370,179,158,6464,3739,9,186,792,6,61,4,0,50
CALIFORNIA,Moreland School District,625770,625770,1283,116,1501,1532,32,316,2070,33,222,13,0,67
CALIFORNIA,Union Elementary School District,640320,640320,2749,70,927,1437,14,554,899,17,20,7,2,21
CALIFORNIA,Oak Grove Elementary School District,627810,627810,1851,373,4982,2559,29,568,287,0,17,3,0,3
CALIFORNIA,Evergreen Elementary School District,613140,613140,750,166,2978,7294,35,571,4168,141,89,58,140,161
CALIFORNIA,Orchard Elementary School District,628680,628680,56,30,339,417,4,48,537,5,29,2,56,57
CALIFORNIA,Berryessa Union Elementary School District,604800,604800,381,129,1719,4686,3,378,252,2,1,1,3,7
CALIFORNIA,Mount Pleasant Elementary School District,626400,626400,78,47,1750,402,11,83,799,10,18,12,3,10
CALIFORNIA,Cambrian Elementary School District,607140,607140,1549,91,812,687,23,352,1706,21,64,15,3,35
CALIFORNIA,Luther Burbank Elementary School District,623130,623130,11,11,481,7,0,10,2029,21,138,27,7,62
CALIFORNIA,Raymond-Knowles Union Elementary School District,631920,631920,48,0,18,4,8,5,1451,6,65,6,7,36
CALIFORNIA,Allensworth Elementary School District,601980,601980,0,1,77,0,0,0,1803,19,91,3,4,8
CALIFORNIA,Cienega Union Elementary School District,608640,608640,12,0,11,0,0,0,936,23,79,20,7,35
CALIFORNIA,Hollister School District,617340,617340,905,21,4604,126,15,78,2299,75,130,38,10,70
CALIFORNIA,Jefferson Elementary School District,618810,618810,6,0,6,0,0,0,2904,72,606,29,10,114
CALIFORNIA,North County Joint Union Elementary School District,627480,627480,273,2,437,1,0,41,377,0,24,5,2,11
CALIFORNIA,Panoche Elementary School District,629770,629770,0,0,6,0,0,0,1022,6,64,10,2,20
CALIFORNIA,Southside Elementary School District,637650,637650,43,2,131,0,0,60,800,4,13,0,5,12
CALIFORNIA,Tres Pinos Union Elementary School District,639690,639690,86,0,34,0,1,3,10913,3158,6179,323,48,1204
CALIFORNIA,Willow Grove Union Elementary School District,642630,642630,1,0,18,0,0,0,909,16,12,7,18,30
CALIFORNIA,Midway Elementary School District,624780,624780,73,0,8,0,1,3,1413,13,48,11,10,36
CALIFORNIA,Norris Elementary School District,627450,627450,2322,58,1152,216,43,307,1547,16,67,18,7,43
CALIFORNIA,Pond Union Elementary School District,631350,631350,6,0,184,4,1,1,1436,22,69,14,12,21
CALIFORNIA,Wilmar Union Elementary School District,642750,642750,179,0,40,4,2,8,3044,45,120,38,9,88
CALIFORNIA,Wright Elementary School District,643200,643200,314,47,1039,133,18,42,1594,5,47,8,1,50
CALIFORNIA,Arcata Elementary School District,603000,603000,715,13,159,22,34,121,4470,40,230,70,12,83
CALIFORNIA,Big Lagoon Union Elementary School District,604890,604890,8,0,4,0,4,2,2522,43,420,36,5,77
CALIFORNIA,Blue Lake Union Elementary School District,605400,605400,95,1,20,0,13,40,255,2,26,1,0,1
CALIFORNIA,Bridgeville Elementary School District,606000,606000,20,0,2,0,0,3,803,6,30,7,0,28
CALIFORNIA,Anaheim Elementary School District,602610,602610,873,265,15961,1113,18,328,1510,13,42,17,2,23
CALIFORNIA,Buena Park Elementary School District,606360,606360,341,218,3197,953,17,111,1379,26,121,3,14,13
CALIFORNIA,Centralia Elementary School District,608070,608070,662,123,2361,1107,15,149,1715,25,140,7,6,41
CALIFORNIA,Cypress Elementary School District,610440,610440,940,116,1123,1545,3,242,922,12,65,6,1,16
CALIFORNIA,Fountain Valley Elementary School District,614220,614220,2441,45,1101,2431,18,351,498,11,27,1,2,9
CALIFORNIA,Fullerton Elementary School District,614730,614730,2594,184,6775,3125,59,626,588,7,188,10,1,21
CALIFORNIA,Huntington Beach City Elementary School District,618030,618030,4231,31,1395,780,18,700,3573,38,199,107,18,116
CALIFORNIA,La Habra City Elementary School District,620190,620190,342,44,4150,127,3,60,255,7,4,4,8,0
CALIFORNIA,Magnolia Elementary School District,623430,623430,607,187,4478,884,47,74,155,0,15,2,121,39
CALIFORNIA,Ocean View Elementary School District,628140,628140,3243,99,3325,1308,22,470,8676,282,564,1054,62,536
CALIFORNIA,Savanna Elementary School District,636030,636030,307,82,1374,460,4,104,1348,25,79,30,6,92
CALIFORNIA,Westminster School District,642150,642150,1202,63,4081,3726,30,236,794,9,7,9,1,2
CALIFORNIA,Winters Joint Unified School District,642930,642930,473,23,1027,21,4,7,325,6,22,5,10,8
CALIFORNIA,Willows Unified School District,642710,642710,565,8,707,79,36,29,3005,28,137,30,12,50
CALIFORNIA,Lakeport Unified School District,620670,620670,782,16,478,35,145,78,329,1,13,2,0,4
CALIFORNIA,Middletown Unified School District,624750,624750,1148,3,389,24,21,95,1408,22,142,12,2,42
CALIFORNIA,McFarland Unified School District,624230,624230,29,15,3496,29,1,0,328,4,48,3,2,5
CALIFORNIA,Sierra Sands Unified School District,636800,636800,2935,288,1335,259,75,128,637,5,35,2,6,11
CALIFORNIA,Mojave Unified School District,625230,625230,525,855,1184,27,23,121,1295,11,254,14,0,44
CALIFORNIA,Orland Joint Unified School District,600045,600045,734,6,1359,68,18,16,253,5,13,6,0,7
CALIFORNIA,Los Molinos Unified School District,622860,622860,269,0,278,9,9,28,1202,32,45,8,405,37
CALIFORNIA,St. Helena Unified School District,637830,637830,555,4,603,15,7,15,525,4,73,1,2,7
CALIFORNIA,Calistoga Joint Unified School District,607020,607020,115,0,712,14,1,17,1126,11,26,3,3,16
CALIFORNIA,Esparto Unified School District,612930,612930,199,11,724,14,6,13,5822,110,476,513,25,257
CALIFORNIA,Washington Unified School District,641580,641580,2444,454,3554,1271,69,291,927,27,164,5,3,14
CALIFORNIA,Woodland Joint Unified School District,643080,643080,2245,139,6847,592,54,206,1294,52,549,45,5,47
CALIFORNIA,Reef-Sunset Unified School District,632270,632270,69,1,2567,5,3,5,2736,42,485,38,7,74
CALIFORNIA,Corcoran Joint Unified School District,609690,609690,205,113,2991,17,4,4,689,2,97,3,2,9
CALIFORNIA,Calexico Unified School District,606900,606900,30,4,9185,27,1,5,990,52,1145,23,6,24
CALIFORNIA,Calipatria Unified School District,606990,606990,95,28,1014,4,0,9,609,9,69,19,0,0
CALIFORNIA,Yuba City Unified School District,643470,643470,3785,244,5869,2582,86,718,3855,67,186,98,23,168
CALIFORNIA,Bear Valley Unified School District,604230,604230,1510,20,876,29,10,78,9813,2092,5832,1483,757,1172
CALIFORNIA,Rialto Unified School District,632370,632370,910,2541,21449,470,74,240,964,26,88,15,7,44
CALIFORNIA,Emery Unified School District,612630,612630,76,357,138,90,9,17,526,3,53,8,0,4
CALIFORNIA,Newark Unified School District,627060,627060,796,236,3156,1376,10,271,65,4,2,8,0,1
CALIFORNIA,San Leandro Unified School District,634680,634680,761,1178,4137,2148,22,392,276,3,9,2,3,9
CALIFORNIA,Capistrano Unified School District,607440,607440,30333,736,14113,4092,112,4227,591,0,14,2,24,26
CALIFORNIA,Garden Grove Unified School District,614880,614880,3544,257,23720,15892,36,774,471,9,61,2,2,4
CALIFORNIA,Saddleback Valley Unified School District,633860,633860,12695,396,9654,3161,45,1852,1163,9,19,14,3,27
CALIFORNIA,Santa Ana Unified School District,635310,635310,1445,153,50678,1683,124,422,1619,3,58,1,23,46
CALIFORNIA,Irvine Unified School District,684500,684500,9902,672,3584,16579,66,2578,349,1,9,0,13,10
CALIFORNIA,Castro Valley Unified School District,607800,607800,2700,533,2243,2829,23,1030,443,4,40,2,9,26
CALIFORNIA,Kelseyville Unified School District,619320,619320,812,21,738,19,47,87,571,2,6,0,1,3
CALIFORNIA,Konocti Unified School District,620070,620070,1494,105,1401,22,102,241,455,6,21,6,5,1
CALIFORNIA,Linden Unified School District,621810,621810,774,15,1302,69,27,27,439,2,186,6,0,2
CALIFORNIA,Lodi Unified School District,622230,622230,6829,2140,13661,6743,145,1279,4366,90,231,233,62,118
CALIFORNIA,Manteca Unified School District,623610,623610,4680,1636,12883,3376,107,759,279,1,4,3,5,3
CALIFORNIA,Ripon Unified School District,632880,632880,2101,98,1433,276,15,296,2359,24,295,29,8,60
CALIFORNIA,Stockton Unified School District,638010,638010,2472,4453,26648,5539,765,1107,424,2,6,5,0,6
CALIFORNIA,Lincoln Unified School District,621690,621690,2143,1166,4427,1360,48,294,1166,18,37,9,2,28
CALIFORNIA,Fall River Joint Unified School District,613470,613470,737,1,293,7,115,79,2454,35,264,37,101,101
CALIFORNIA,Southern Trinity Joint Unified School District,637630,637630,86,0,6,0,2,9,583,3,11,3,2,6
CALIFORNIA,Borrego Springs Unified School District,605700,605700,113,34,709,11,4,20,1046,12,15,5,8,19
CALIFORNIA,Big Valley Joint Unified School District,605010,605010,118,0,21,0,8,0,861,3,70,4,5,22
CALIFORNIA,Surprise Valley Joint Unified School District,638520,638520,72,0,26,1,16,1,330,3,55,0,2,7
CALIFORNIA,Fort Sage Unified School District,600011,600011,175,6,31,4,9,15,11566,773,1639,1896,106,386
CALIFORNIA,Westwood Unified School District,642300,642300,248,5,54,4,17,18,697,13,92,1,2,11
CALIFORNIA,Modoc Joint Unified School District,625190,625190,595,10,130,18,68,26,291,0,9,2,0,2
CALIFORNIA,Murrieta Valley Unified School District,600029,600029,9852,1205,8242,2056,69,1554,369,4,20,1,0,5
CALIFORNIA,Coronado Unified School District,609870,609870,2047,51,631,154,13,168,407,4,1,0,0,1
CALIFORNIA,Ramona City Unified School District,631710,631710,3141,45,2041,53,52,214,5686,475,1912,1665,37,453
CALIFORNIA,San Marcos Unified School District,634880,634880,9323,396,9523,1620,60,48,943,6,82,18,5,8
CALIFORNIA,Mendota Unified School District,600022,600022,48,2,3258,3,1,27,1206,10,72,9,1,28
CALIFORNIA,Cutler-Orosi Joint Unified School District,610350,610350,73,3,3910,133,3,4,389,2,23,3,0,18
CALIFORNIA,Fresno Unified School District,614550,614550,7298,6224,49722,8356,435,1321,655,0,27,56,0,24
CALIFORNIA,Kings Canyon Joint Unified School District,619700,619700,902,16,8597,155,33,141,1589,8,33,3,5,40
CALIFORNIA,Sierra Unified School District,636805,636805,859,12,215,26,199,12,747,1,2,2,2,7
CALIFORNIA,Chico Unified School District,608370,608370,8444,359,3277,906,222,767,577,2,27,3,8,15
CALIFORNIA,Gridley Unified School District,600051,600051,708,7,1161,57,7,81,882,4,26,2,1,19
CALIFORNIA,Paradise Unified School District,629820,629820,3213,25,582,57,73,308,2276,149,683,139,20,250
CALIFORNIA,Riverbank Unified School District,600061,600061,429,28,2338,29,9,42,873,9,88,10,1,22
CALIFORNIA,Southern Kern Unified School District,637620,637620,1081,348,1794,65,29,89,337,1,4,0,3,4
CALIFORNIA,Big Pine Unified School District,604950,604950,40,0,36,2,76,17,274,3,6,1,0,12
CALIFORNIA,Owens Valley Unified School District,629190,629190,35,0,34,0,10,5,1984,12,116,38,13,91
CALIFORNIA,Lone Pine Unified School District,622440,622440,70,2,158,7,44,18,633,2,62,5,2,5
CALIFORNIA,Woodlake Unified School District,601418,601418,158,6,1999,17,6,6,1673,14,52,17,10,44
CALIFORNIA,Exeter Unified School District,601423,601423,1045,25,1686,28,22,45,749,6,29,4,0,18
CALIFORNIA,Madera Unified School District,623340,623340,1330,350,18586,275,90,148,2147,57,189,31,17,51
CALIFORNIA,Butte Valley Unified School District,606580,606580,139,0,146,4,13,6,381,0,28,3,0,4
CALIFORNIA,Marysville Joint Unified School District,624090,624090,3752,363,4206,966,269,430,1885,10,41,13,9,40
CALIFORNIA,Bishop Unified School District,601409,601409,734,9,714,23,279,131,986,2,75,8,55,53
CALIFORNIA,Mount Diablo Unified School District,626370,626370,10327,1224,13299,4024,77,2863,1100,48,175,26,2,4
CALIFORNIA,Elk Grove Unified School District,612330,612330,13037,7981,16605,19369,401,5668,488,5,2,3,2,2
CALIFORNIA,San Juan Unified School District,634620,634620,27935,3649,11260,3682,459,2270,8851,40202,19881,5234,480,1558
CALIFORNIA,Santa Paula Unified School District,601421,601421,193,6,5223,16,5,11,4601,1181,465,305,24,505
CALIFORNIA,Sierra-Plumas Joint Unified School District,636780,636780,300,2,55,1,0,18,129,2,6,2,0,6
CALIFORNIA,Dos Palos-Oro Loma Joint Unified School District,600033,600033,351,61,1833,17,51,12,771,5,38,8,0,12
CALIFORNIA,Gustine Unified School District,616323,616323,290,13,1512,29,10,36,319,0,4,1,0,0
CALIFORNIA,Delhi Unified School District,600039,600039,185,8,2355,85,1,10,987,5,45,6,1,24
CALIFORNIA,Wiseburn Unified School District,601428,601428,834,616,2227,238,9,377,1977,21,121,19,8,40
CALIFORNIA,Bonsall Unified School District,601426,601426,1360,56,932,146,153,212,2069,24,199,18,6,30
CALIFORNIA,Center Joint Unified School District,607900,607900,2064,489,1144,463,39,278,1123,9,152,12,25,24
CALIFORNIA,Natomas Unified School District,600036,600036,2624,2552,4751,3235,92,1377,451,3,31,1,1,13
CALIFORNIA,Sacramento City Unified School District,633840,633840,8157,7552,18486,9321,275,3024,NA,NA,NA,NA,NA,NA
CALIFORNIA,Big Oak Flat-Groveland Unified School District,691137,691137,236,5,48,3,4,6,683,1,19,1,0,33
CALIFORNIA,Coalinga-Huron Unified School District,609120,609120,455,46,3746,93,14,96,105,2,0,3,1,0
CALIFORNIA,Pajaro Valley Joint Unified School District,629490,629490,3179,99,16671,353,33,65,435,8,6,2,0,3
CALIFORNIA,Aromas-San Juan Unified School District,691136,691136,320,3,760,15,1,19,1498,38,327,16,10,16
CALIFORNIA,South San Francisco Unified School District,637530,637530,586,128,4270,3365,18,512,547,2,92,7,1,16
CALIFORNIA,Cuyama Joint Unified School District,600009,600009,56,2,182,2,1,2,1304,10,141,14,3,46
CALIFORNIA,Carpinteria Unified School District,607560,607560,516,9,1659,44,10,31,564,6,60,1,1,8
CALIFORNIA,Holtville Unified School District,617430,617430,167,5,1405,4,0,17,1262,1,35,13,1,58
CALIFORNIA,Imperial Unified School District,618210,618210,540,46,3438,61,8,29,240,2,138,0,0,7
CALIFORNIA,Baker Valley Unified School District,603610,603610,14,0,110,0,0,0,3494,161,632,490,31,244
CALIFORNIA,Needles Unified School District,626760,626760,475,21,235,13,173,35,807,1,18,2,5,7
CALIFORNIA,Barstow Unified School District,604020,604020,1287,1106,3212,160,68,321,7557,5047,5280,255,71,899
CALIFORNIA,Silver Valley Unified School District,636820,636820,862,242,739,115,24,186,1312,15,61,18,499,64
CALIFORNIA,Fontana Unified School District,613920,613920,1572,2078,33078,885,39,362,207,2,3,2,22,10
CALIFORNIA,Chino Valley Unified School District,608460,608460,5197,952,16518,5541,24,654,653,7,37,5,6,11
CALIFORNIA,Death Valley Unified School District,610680,610680,14,1,4,0,0,3,371,3,20,0,7,9
CALIFORNIA,Cabrillo Unified School District,606780,606780,1358,13,1685,96,4,123,2427,36,195,21,22,53
CALIFORNIA,La Honda-Pescadero Unified School District,620220,620220,103,1,207,1,0,6,799,4,17,6,1,1
CALIFORNIA,Lindsay Unified School District,621870,621870,158,9,3908,87,7,22,275,3,1,1,0,6
CALIFORNIA,Hughson Unified School District,600060,600060,861,2,1174,19,7,25,291,3,5,0,2,5
CALIFORNIA,Oakdale Joint Unified School District,600062,600062,3034,29,1954,116,46,98,1040,9,21,11,1,22
CALIFORNIA,Turlock Unified School District,600158,600158,4616,297,8036,824,100,328,5885,175,453,86,30,195
CALIFORNIA,Upper Lake Unified School District,601442,601442,438,7,257,10,84,38,964,8,36,1,2,2
CALIFORNIA,Tulelake Basin Joint Unified School District,639940,639940,92,2,345,0,1,9,5491,492,832,230,27,247
CALIFORNIA,Big Sur Unified School District,600031,600031,67,0,26,3,0,13,130,5,7,1,2,8
CALIFORNIA,Monterey Peninsula Unified School District,625530,625530,2123,530,6194,1137,31,717,614,7,27,0,4,13
CALIFORNIA,Soledad Unified School District,637050,637050,103,19,4624,86,8,16,1306,22,86,22,25,25
CALIFORNIA,Carmel Unified School District,607530,607530,1553,9,463,113,6,365,1005,7,116,11,30,68
CALIFORNIA,Scott Valley Unified School District,600159,600159,411,6,81,15,82,60,1452,39,104,62,14,71
CALIFORNIA,Pierce Joint Unified School District,630360,630360,317,21,1103,22,0,17,942,2,57,7,1,13
CALIFORNIA,Moreno Valley Unified School District,625800,625800,2562,4756,23678,1450,90,872,525,2,29,6,260,66
CALIFORNIA,Pacific Grove Unified School District,629370,629370,1288,37,357,228,6,162,1033,18,260,6,7,43
CALIFORNIA,Gonzales Unified School District,600046,600046,43,3,2348,16,9,5,958,14,48,0,23,9
CALIFORNIA,Escalon Unified School District,612840,612840,1377,9,1375,64,8,62,2099,41,61,17,53,26
CALIFORNIA,Tracy Unified School District,600047,600047,3603,1033,8294,2838,49,609,379,4,9,1,3,4
CALIFORNIA,Val Verde Unified School District,691135,691135,1019,2904,14898,643,76,413,58,4,15,2,287,4
CALIFORNIA,Temecula Valley Unified School District,600028,600028,13005,1002,10030,2657,188,3035,135,3,9,1,5,7
CALIFORNIA,Hemet Unified School District,616920,616920,5940,1873,12346,503,195,853,1437,8,32,10,437,115
CALIFORNIA,Riverside Unified School District,633150,633150,9680,2940,26571,2102,177,1299,470,0,11,3,0,17
CALIFORNIA,ABC Unified School District,601620,601620,1308,1799,9436,7637,63,525,309,2,5,7,0,11
CALIFORNIA,Baldwin Park Unified School District,603690,603690,577,564,14575,1090,230,697,503,2,22,4,4,19
CALIFORNIA,Beverly Hills Unified School District,604830,604830,2923,111,319,509,8,153,580,6,22,7,4,25
CALIFORNIA,Burbank Unified School District,606450,606450,7375,418,5892,1476,57,886,2497,59,135,28,101,99
CALIFORNIA,Compton Unified School District,609620,609620,113,4357,18531,153,39,259,1192,17,310,17,94,66
CALIFORNIA,Downey Unified School District,611460,611460,1068,611,19815,650,39,120,210,0,9,0,0,11
CALIFORNIA,El Segundo Unified School District,612210,612210,1859,155,685,295,11,464,1101,16,17,5,1,30
CALIFORNIA,Glendora Unified School District,615270,615270,3116,92,3224,761,14,331,411,7,25,1,0,11
CALIFORNIA,La Ca<U+00F1>ada Unified School District,620130,620130,2048,32,467,1234,10,341,487,7,12,2,0,9
CALIFORNIA,Monrovia Unified School District,625320,625320,1144,357,3565,420,12,118,208,0,2,2,5,8
CALIFORNIA,Pomona Unified School District,631320,631320,898,1108,20827,1154,48,279,503,7,48,3,3,11
CALIFORNIA,San Gabriel Unified School District,634425,634425,485,107,2505,2828,26,351,667,1,3,7,0,10
CALIFORNIA,Walnut Valley Unified School District,641280,641280,1140,291,3410,9190,11,477,731,4,67,3,1,11
CALIFORNIA,Acton-Agua Dulce Unified School District,600001,600001,4202,711,3473,554,36,1040,541,1,21,4,2,3
CALIFORNIA,Dinuba Unified School District,600065,600065,317,28,6066,137,37,1,552,2,13,3,10,7
CALIFORNIA,Farmersville Unified School District,600035,600035,113,6,2423,12,6,1,4771,62,128,86,28,136
CALIFORNIA,Alameda City Unified School District,601770,601770,3307,931,1901,3823,33,1206,1066,15,39,66,2,9
CALIFORNIA,Scotts Valley Unified School District,600043,600043,1784,8,346,103,9,255,371,6,10,3,1,2
CALIFORNIA,Manhattan Beach Unified School District,600025,600025,4202,126,807,721,6,914,888,19,39,4,9,5
CALIFORNIA,Redondo Beach Unified School District,600032,600032,4581,417,2284,1148,24,1334,302,1,16,1,1,0
CALIFORNIA,Azusa Unified School District,603600,603600,302,117,8099,188,19,57,5682,142,435,196,25,159
CALIFORNIA,Bassett Unified School District,604110,604110,42,28,3444,169,6,0,7824,447,490,706,42,405
CALIFORNIA,Covina-Valley Unified School District,610050,610050,1141,324,8961,1036,36,412,1107,17,71,11,2,19
CALIFORNIA,Duarte Unified School District,611520,611520,375,150,2627,309,23,249,1464,13,44,11,3,37
CALIFORNIA,Washington Unified School District,601415,601415,227,235,2200,245,48,43,214,0,3,1,18,2
CALIFORNIA,Santa Barbara Unified School District,601414,601414,5129,157,9029,611,77,182,4918,61,183,115,11,209
CALIFORNIA,Chawanakee Unified School District,600116,600116,668,18,207,14,109,38,304,1,101,0,2,1
CALIFORNIA,El Rancho Unified School District,612180,612180,84,23,8558,73,4,12,786,4,29,0,2,13
CALIFORNIA,Long Beach Unified School District,622500,622500,10090,10157,43148,9246,152,3635,424,747,125,199,7,112
CALIFORNIA,Montebello Unified School District,625470,625470,299,74,26222,621,54,128,1557,176,527,47,18,121
CALIFORNIA,Palos Verdes Peninsula Unified School District,629700,629700,5480,266,1390,3466,26,800,3357,134,376,492,18,182
CALIFORNIA,Paramount Unified School District,629850,629850,182,1181,13617,287,13,125,2014,76,330,136,18,90
CALIFORNIA,San Marino Unified School District,634860,634860,733,19,217,1833,3,269,1192,9,15,7,7,24
CALIFORNIA,South Pasadena Unified School District,637500,637500,1348,86,1148,1684,12,501,340,3,8,0,19,10
CALIFORNIA,Hacienda La Puente Unified School District,616325,616325,619,180,15024,2882,19,159,1240,15,23,6,18,49
CALIFORNIA,Pasadena Unified School District,629940,629940,3274,2382,10833,1278,59,584,452,10,19,4,79,12
CALIFORNIA,Southern Humboldt Joint Unified School District,637590,637590,559,8,112,15,12,41,1869,62,338,111,10,112
CALIFORNIA,Hayward Unified School District,616740,616740,1252,2086,14644,4120,71,749,4773,262,894,486,34,149
CALIFORNIA,Livermore Valley Joint Unified School District,622110,622110,6894,222,4262,1456,47,1135,693,78,265,27,20,44
CALIFORNIA,Lucia Mar Unified School District,623080,623080,5208,76,4624,305,50,386,1403,284,173,260,5,36
CALIFORNIA,San Luis Coastal Unified School District,634800,634800,4601,67,2199,449,29,373,657,12,26,12,4,6
CALIFORNIA,Alpaugh Unified School District,602010,602010,213,16,501,15,4,44,1031,10,135,5,3,15
CALIFORNIA,Biggs Unified School District,605040,605040,348,13,231,15,5,5,1143,9,57,10,5,29
CALIFORNIA,Durham Unified School District,611730,611730,725,5,200,3,11,42,986,2,54,11,0,25
CALIFORNIA,North Monterey County Unified School District,627590,627590,611,15,3852,71,12,52,318,2,10,2,0,12
CALIFORNIA,Shandon Joint Unified School District,636450,636450,63,4,226,1,0,16,928,10,77,4,2,29
CALIFORNIA,Hilmar Unified School District,617220,617220,1300,10,1030,21,15,27,2303,187,607,46,26,61
CALIFORNIA,Los Banos Unified School District,622740,622740,1372,191,8755,290,51,126,2311,259,159,180,4,122
CALIFORNIA,Amador County Unified School District,602450,602450,2652,23,780,63,101,245,2014,158,884,278,22,170
CALIFORNIA,Moorpark Unified School District,625690,625690,2719,85,2983,398,8,279,200,0,4,0,0,5
CALIFORNIA,Ojai Unified School District,628270,628270,1498,19,894,47,14,65,1194,9,99,17,11,26
CALIFORNIA,Dublin Unified School District,600019,600019,2560,365,1279,5551,26,899,286,2,4,2,0,10
CALIFORNIA,Pleasanton Unified School District,600020,600020,6330,201,1467,6053,23,704,1308,64,37,42,3,60
CALIFORNIA,Sunol Glen Unified School District,600021,600021,123,3,57,58,1,36,248,3,1,2,1,1
CALIFORNIA,Calaveras Unified School District,606870,606870,2124,20,554,43,49,143,373,0,11,4,3,7
CALIFORNIA,Newman-Crows Landing Unified School District,627200,627200,546,55,2285,43,4,70,279,2,17,1,79,25
CALIFORNIA,Milpitas Unified School District,624500,624500,621,218,2089,6922,37,373,154,0,15,0,117,56
CALIFORNIA,Patterson Joint Unified School District,630030,630030,741,351,4446,330,26,189,2816,34,86,79,9,64
CALIFORNIA,Albany City Unified School District,601860,601860,1368,117,603,1087,5,522,1182,5,63,4,13,57
CALIFORNIA,Berkeley Unified School District,604740,604740,3868,1667,2473,836,16,1379,333,1,13,3,78,48
CALIFORNIA,Brea-Olinda Unified School District,605880,605880,1972,96,2150,1503,10,178,1186,77,76,8,17,71
CALIFORNIA,Laguna Beach Unified School District,620370,620370,2317,34,316,168,12,178,1125,40,47,17,3,39
CALIFORNIA,Los Alamitos Unified School District,622590,622590,4777,275,2513,1625,21,693,130,1,5,1,7,2
CALIFORNIA,Newport-Mesa Unified School District,627240,627240,9633,198,9668,1282,40,760,3461,24,235,70,6,150
CALIFORNIA,Placentia-Yorba Linda Unified School District,630660,630660,9478,342,10760,4422,54,742,3298,29,113,43,81,108
CALIFORNIA,Tustin Unified School District,640150,640150,6463,457,11275,5028,44,863,2720,94,158,104,153,155
CALIFORNIA,Ferndale Unified School District,600037,600037,365,3,116,5,21,3,780,9,44,8,1,6
CALIFORNIA,Eureka City Unified School District,600052,600052,1805,96,817,479,212,358,703,2,36,2,0,7
CALIFORNIA,Klamath-Trinity Joint Unified School District,619950,619950,94,5,48,5,819,28,431,4,5,2,0,8
CALIFORNIA,Mattole Unified School District,600038,600038,526,6,99,3,24,79,613,3,17,45,9,9
CALIFORNIA,Orange Unified School District,628650,628650,8175,362,15693,3390,55,847,3625,16,203,59,11,106
CALIFORNIA,Mariposa County Unified School District,623940,623940,1266,10,334,27,75,132,3634,63,251,361,9,92
CALIFORNIA,Lake Elsinore Unified School District,600027,600027,6260,812,12997,756,55,1159,2361,47,173,219,4,146
CALIFORNIA,Alvord Unified School District,602430,602430,2036,721,15177,1036,40,245,736,39,204,22,7,45
CALIFORNIA,Clovis Unified School District,609030,609030,17321,1338,15681,6800,284,1322,2849,120,192,104,10,162
CALIFORNIA,Firebaugh-Las Deltas Unified School District,613840,613840,95,3,2185,5,0,2,3511,377,999,204,8,331
CALIFORNIA,Kerman Unified School District,619490,619490,477,35,4325,258,23,16,662,22,53,7,2,24
CALIFORNIA,Golden Plains Unified School District,691134,691134,24,13,1664,6,1,1,3502,196,290,94,26,284
CALIFORNIA,Healdsburg Unified School District,600044,600044,571,10,990,24,7,9,5140,320,602,662,25,369
CALIFORNIA,Alpine County Unified School District,602070,602070,42,0,4,0,32,2,199,1,19,2,1,12
CALIFORNIA,Banning Unified School District,603840,603840,580,365,3072,256,128,140,8559,736,2900,479,33,376
CALIFORNIA,Desert Center Unified School District,611100,611100,9,0,10,0,0,0,7,4,1,0,0,2
CALIFORNIA,Jurupa Unified School District,619260,619260,1761,362,16447,312,32,280,427,0,14,0,3,21
CALIFORNIA,Del Norte County Unified School District,610770,610770,1893,39,829,218,527,173,838,4,26,0,66,21
CALIFORNIA,Beaumont Unified School District,604290,604290,3226,627,5174,572,91,285,1049,10,20,10,4,15
CALIFORNIA,Coachella Valley Unified School District,609070,609070,156,35,18290,21,92,125,412,10,8,4,9,9
CALIFORNIA,Palo Verde Unified School District,629640,629640,637,203,2146,39,17,54,178,0,0,0,2,0
CALIFORNIA,Maxwell Unified School District,624150,624150,128,0,166,5,13,14,719,6,14,14,6,6
CALIFORNIA,Stony Creek Joint Unified School District,638070,638070,40,0,7,0,43,7,1195,3,43,9,11,44
CALIFORNIA,Colusa Unified School District,609570,609570,373,1,1014,20,57,14,1220,24,85,9,6,22
CALIFORNIA,Princeton Joint Unified School District,631620,631620,66,2,101,0,0,0,659,221,77,49,7,63
CALIFORNIA,Williams Unified School District,642540,642540,71,4,1284,16,2,5,2017,12,73,41,7,40
CALIFORNIA,Caruthers Unified School District,600067,600067,138,4,1202,78,6,14,1003,10,48,6,1,15
CALIFORNIA,Fowler Unified School District,614250,614250,241,25,2037,237,5,17,506,2,20,10,140,6
CALIFORNIA,Laton Joint Unified School District,621150,621150,86,9,572,1,0,32,1220,24,85,9,6,22
CALIFORNIA,Parlier Unified School District,629910,629910,30,1,3384,15,4,1,985,12,102,5,4,33
CALIFORNIA,Fillmore Unified School District,613800,613800,268,6,3432,16,13,22,908,7,62,10,3,22
CALIFORNIA,Oak Park Unified School District,627850,627850,2848,64,427,1046,18,181,955,6,85,5,4,31
CALIFORNIA,Ventura Unified School District,640980,640980,6675,198,8791,592,65,660,1125,24,278,24,1,29
CALIFORNIA,San Pasqual Valley Unified School District,635070,635070,16,6,320,0,333,37,349,3,114,5,4,7
CALIFORNIA,Warner Unified School District,600042,600042,819,36,435,114,131,198,444,6,20,18,1,16
CALIFORNIA,Carlsbad Unified School District,607500,607500,6270,139,3080,808,38,834,453,1,61,3,2,14
CALIFORNIA,Mountain Empire Unified School District,626100,626100,977,83,1430,51,77,166,310,0,14,1,0,10
CALIFORNIA,Vista Unified School District,641190,641190,6089,723,15993,1135,96,1113,149,0,4,0,0,4
CALIFORNIA,Sanger Unified School District,635250,635250,1665,142,8143,1253,31,488,169,0,9,3,0,1
CALIFORNIA,Selma Unified School District,636270,636270,316,16,5824,281,11,11,688,3,57,4,0,19
CALIFORNIA,Riverdale Joint Unified School District,600040,600040,236,13,1360,10,9,3,88,5,8,2,0,4
CALIFORNIA,Central Unified School District,607970,607970,2527,1439,9166,2299,96,245,356,1,19,1,0,3
CALIFORNIA,Trona Joint Unified School District,639840,639840,412,132,245,32,7,121,9,0,23,0,400,67
CALIFORNIA,Hesperia Unified School District,600014,600014,3424,1085,15244,294,79,3718,230,0,25,0,0,8
CALIFORNIA,Apple Valley Unified School District,600017,600017,5718,1287,6520,496,58,291,311,61,43,45,1,25
CALIFORNIA,Morongo Unified School District,625860,625860,4463,625,2627,308,55,388,591,102,47,64,2,41
CALIFORNIA,Redlands Unified School District,632070,632070,6238,1335,10321,2431,79,991,161,0,31,0,0,3
CALIFORNIA,San Bernardino City Unified School District,634170,634170,3167,6420,39586,1175,260,2544,484,3,78,0,2,8
CALIFORNIA,Upland Unified School District,600016,600016,2868,895,6117,807,48,293,519,360,68,62,5,44
CALIFORNIA,Rim of the World Unified School District,632610,632610,2011,36,1270,39,14,151,1487,32,197,16,2,40
CALIFORNIA,Yucaipa-Calimesa Joint Unified School District,643560,643560,4720,153,4038,209,42,807,1005,10,69,26,4,34
CALIFORNIA,Colton Joint Unified School District,609390,609390,1485,1261,19172,620,53,183,1412,20,534,23,3,47
CALIFORNIA,Lucerne Valley Unified School District,600015,600015,1239,92,856,139,17,295,73,5,28,0,1,1
CALIFORNIA,Live Oak Unified School District,622050,622050,462,6,1079,224,18,17,98,4,10,1,1,3
CALIFORNIA,Folsom-Cordova Unified School District,613890,613890,10234,1148,4092,3469,84,1285,401,2,14,22,0,10
CALIFORNIA,Eastern Sierra Unified School District,611870,611870,197,2,156,10,35,2,448,7,26,41,0,6
CALIFORNIA,Gilroy Unified School District,615180,615180,2112,153,8388,750,68,488,301,1,6,4,0,29
CALIFORNIA,Palo Alto Unified School District,629610,629610,4934,227,1511,4483,22,1110,805,4,29,9,1,12
CALIFORNIA,School District Not Defined,699997,699997,NA,NA,NA,NA,NA,NA,360,0,5,6,0,2
CALIFORNIA,Morgan Hill Unified School District,625830,625830,2971,166,4571,1012,45,372,488,1,21,8,33,12
CALIFORNIA,Santa Clara Unified School District,635430,635430,3219,450,5402,5457,85,796,73,0,12,2,0,3
CALIFORNIA,San Jose Unified School District,634590,634590,7701,799,17050,4894,111,1449,228,3,30,8,0,12
CALIFORNIA,Valley Center-Pauma Unified School District,600069,600069,1320,21,2120,68,372,168,625,9,18,6,3,4
CALIFORNIA,Oceanside Unified School District,628250,628250,5579,1006,11334,1370,74,1266,374,5,37,4,1,8
CALIFORNIA,Poway Unified School District,631530,631530,16935,823,5312,10012,69,2805,162,2,5,0,1,3
CALIFORNIA,San Diego City Unified School District,634320,634320,29347,11087,59806,17774,298,9728,166,1,1,2,0,7
CALIFORNIA,Mountain Valley Unified School District,600018,600018,147,0,34,36,18,38,369,2,13,4,0,7
CALIFORNIA,Lompoc Unified School District,622410,622410,2430,316,6554,311,50,478,826,21,93,11,2,16
CALIFORNIA,Napa Valley Unified School District,626640,626640,5427,418,9882,1714,50,733,214,1,56,3,0,4
CALIFORNIA,Oakland Unified School District,628050,628050,4920,12436,22350,7289,139,2626,424,5,29,3,1,16
CALIFORNIA,Tahoe-Truckee Unified School District,638770,638770,2455,11,1534,31,19,103,296,3,51,2,0,14
CALIFORNIA,Plumas Unified School District,631170,631170,1559,25,326,25,77,121,729,12,51,10,4,11
CALIFORNIA,Fremont Unified School District,614400,614400,4282,780,5201,23760,91,1057,303,7,154,8,6,14
CALIFORNIA,New Haven Unified School District,626910,626910,736,686,4490,5321,52,608,1386,13,74,19,2,41
CALIFORNIA,Waterford Unified School District,600063,600063,1614,78,1771,205,33,288,152,1,8,3,0,5
CALIFORNIA,River Delta Joint Unified School District,633110,633110,904,35,1246,35,14,116,472,2,20,2,1,18
CALIFORNIA,Davis Joint Unified School District,610620,610620,4551,238,1732,1525,35,501,421,6,14,10,54,23
CALIFORNIA,Travis Unified School District,639630,639630,2130,626,1297,895,33,583,425,2,31,2,0,12
CALIFORNIA,Vallejo City Unified School District,640740,640740,1090,4069,5850,2843,60,642,678,4,14,3,0,14
CALIFORNIA,Ceres Unified School District,608130,608130,2153,245,10984,910,75,140,627,3,20,4,1,11
CALIFORNIA,San Lorenzo Valley Unified School District,634740,634740,3258,40,799,230,18,576,353,0,30,0,0,6
CALIFORNIA,Denair Unified School District,611040,611040,619,7,602,7,4,70,487,6,95,4,9,5
CALIFORNIA,Benicia Unified School District,604620,604620,2241,383,908,614,21,689,565,1,9,2,8,11
CALIFORNIA,Fairfield-Suisun Unified School District,613360,613360,4009,3446,9042,3312,115,1683,1860,34,99,98,7,63
CALIFORNIA,Mammoth Unified School District,623530,623530,456,2,713,17,2,23,2586,100,210,115,95,233
CALIFORNIA,Anderson Valley Unified School District,602730,602730,110,5,384,1,4,3,5502,133,178,149,53,158
CALIFORNIA,Mendocino Unified School District,624480,624480,416,6,55,19,7,14,408,7,33,3,1,17
CALIFORNIA,Ukiah Unified School District,640300,640300,2599,58,3264,102,370,186,3044,123,190,130,6,155
CALIFORNIA,Potter Valley Community Unified School District,631400,631400,142,2,107,0,10,9,1068,7,27,0,6,18
CALIFORNIA,Laytonville Unified School District,642580,642580,242,1,53,5,48,44,461,6,50,1,2,13
CALIFORNIA,Western Placer Unified School District,642140,642140,5388,232,2334,566,106,394,1392,8,57,15,10,36
CALIFORNIA,Dixon Unified School District,611280,611280,1225,58,2105,83,16,176,412,6,6,4,0,12
CALIFORNIA,Vacaville Unified School District,640590,640590,5478,780,4707,791,85,1111,2844,248,191,288,1,142
CALIFORNIA,Rocklin Unified School District,600013,600013,8513,197,1903,1565,66,1009,2374,57,350,23,22,76
CALIFORNIA,Novato Unified School District,627720,627720,3906,217,2773,481,51,441,534,1,129,1,1,19
CALIFORNIA,Shoreline Unified School District,636670,636670,194,1,294,12,6,8,1231,20,91,12,1,21
CALIFORNIA,San Francisco Unified School District,634410,634410,8467,5367,18255,22611,244,5189,927,18,68,4,5,7
CALIFORNIA,Lammersville Joint Unified School District,601410,601410,1067,300,860,1927,25,343,1672,32,108,10,2,25
CALIFORNIA,Los Angeles Unified School District,622710,622710,63828,52837,468734,37229,1226,9767,3121,34,148,75,2,90
CALIFORNIA,Inglewood Unified School District,618390,618390,71,4902,7285,114,90,108,2642,104,173,55,5,138
CALIFORNIA,Glendale Unified School District,615240,615240,14683,306,5770,4620,43,653,2593,1549,2240,55,52,454
CALIFORNIA,Santa Monica-Malibu Unified School District,635700,635700,5549,734,3266,739,28,689,1621,22,159,6,1,53
CALIFORNIA,Torrance Unified School District,639420,639420,5340,887,6960,8337,47,2125,7527,575,1283,222,38,661
CALIFORNIA,Alhambra Unified School District,600153,600153,349,112,7071,9100,33,406,658,4,18,3,3,13
CALIFORNIA,Norwalk-La Mirada Unified School District,627690,627690,1600,479,14675,1326,30,264,427,4,8,6,10,4
CALIFORNIA,Rowland Unified School District,633750,633750,536,304,9061,4078,21,274,2701,98,622,24,18,113
CALIFORNIA,Lynwood Unified School District,623160,623160,111,735,13583,55,4,9,603,10,65,5,3,31
CALIFORNIA,Culver City Unified School District,610260,610260,1831,976,2643,843,19,544,660,7,71,6,2,21
CALIFORNIA,West Covina Unified School District,642000,642000,1303,761,8728,1727,22,284,2263,55,423,37,6,13
CALIFORNIA,Charter Oak Unified School District,608190,608190,957,147,3249,373,24,146,1809,12,80,8,231,140
CALIFORNIA,Claremont Unified School District,608760,608760,2418,342,2931,798,14,563,363,12,339,3,1,5
CALIFORNIA,Bonita Unified School District,605610,605610,2982,314,5211,848,23,867,669,5,26,1,0,17
CALIFORNIA,Las Virgenes Unified School District,621000,621000,8569,288,1253,878,77,482,853,15,49,9,12,0
CALIFORNIA,Snowline Joint Unified School District,636970,636970,2908,481,3455,190,41,573,309,3,15,2,0,7
CALIFORNIA,San Lorenzo Unified School District,634710,634710,948,1257,6569,2634,34,297,577,2,21,3,6,14
CALIFORNIA,Conejo Valley Unified School District,609640,609640,10591,273,4999,2121,74,860,2807,30,93,246,7,131
CALIFORNIA,Simi Valley Unified School District,636840,636840,8351,171,6147,1712,36,732,691,5,14,1,0,12
CALIFORNIA,Yosemite Unified School District,600160,600160,1515,13,411,34,64,151,1043,132,94,18,9,39
CALIFORNIA,Twin Rivers Unified School District,601332,601332,8778,4454,13404,3327,241,1775,1167,16,12,6,10,8
CALIFORNIA,Trinity Alps Unified School District,601331,601331,545,4,72,10,48,66,382,4,10,1,0,2
CALIFORNIA,Leggett Valley Unified School District,609665,609665,98,1,10,3,4,3,793,8,13,4,11,5
CALIFORNIA,Fort Bragg Unified School District,614070,614070,926,16,781,19,21,128,1154,53,184,18,1,82
CALIFORNIA,Round Valley Unified School District,633720,633720,51,0,124,0,250,10,3508,69,209,60,3,135
CALIFORNIA,Willits Unified School District,642560,642560,1056,13,535,32,143,105,702,9,31,2,3,20
CALIFORNIA,Golden Valley Unified School District,600068,600068,982,22,761,50,18,42,471,5,24,0,1,15
CALIFORNIA,Gateway Unified School District,614950,614950,1935,46,422,90,176,132,613,7,12,3,1,15
CALIFORNIA,Martinez Unified School District,624030,624030,1983,105,1265,281,8,501,1434,2,61,13,46,50
CALIFORNIA,Piedmont City Unified School District,630330,630330,1611,38,207,361,1,474,1359,34,115,36,9,19
CALIFORNIA,Visalia Unified School District,641160,641160,6169,441,19617,1457,231,1017,3511,17,180,48,9,70
CALIFORNIA,Porterville Unified School District,600064,600064,1722,74,11554,451,324,243,4815,342,269,665,53,606
CALIFORNIA,El Tejon Unified School District,600026,600026,396,8,303,15,18,45,3363,35,67,314,12,101
CALIFORNIA,Sonoma Valley Unified School District,637200,637200,1670,24,2615,115,18,122,593,3,9,6,6,0
CALIFORNIA,Maricopa Unified School District,623820,623820,2040,277,1187,92,44,332,4602,95,244,755,25,157
CALIFORNIA,Muroc Joint Unified School District,626490,626490,924,148,494,86,12,217,5642,205,463,1598,64,433
CALIFORNIA,Tehachapi Unified School District,638880,638880,2753,70,1402,72,32,67,559,3,13,2,2,8
CALIFORNIA,Atascadero Unified School District,603300,603300,2988,64,1292,113,47,132,678,5,27,40,0,14
CALIFORNIA,Templeton Unified School District,639000,639000,1682,11,512,49,14,120,2438,59,109,373,14,174
CALIFORNIA,Coast Unified School District,600049,600049,207,6,405,10,3,18,1064,4,28,6,0,37
CALIFORNIA,Paso Robles Joint Unified School District,600048,600048,2750,100,3625,92,29,218,2072,27,136,15,39,75
CALIFORNIA,Lake Tahoe Unified School District,620640,620640,1905,31,1675,197,16,127,299,2,5,0,20,6
CALIFORNIA,Black Oak Mine Unified School District,605240,605240,1067,6,118,11,29,22,663,1,26,23,1,3
CALIFORNIA,Cloverdale Unified School District,608970,608970,542,7,772,18,41,38,887,1,43,1,0,17
CALIFORNIA,Geyserville Unified School District,615150,615150,86,2,157,2,0,3,820,8,15,9,9,11
CALIFORNIA,Desert Sands Unified School District,611110,611110,5645,502,21139,868,88,716,585,7,26,3,2,2
CALIFORNIA,San Jacinto Unified School District,634440,634440,1649,928,7787,294,253,309,516,8,714,1,2,6
CALIFORNIA,Palm Springs Unified School District,629550,629550,2791,1157,17848,753,103,435,145,0,0,1,0,2
CALIFORNIA,Corona-Norco Unified School District,609850,609850,13847,3189,28074,6800,188,1059,658,9,72,10,6,12
CALIFORNIA,Antioch Unified School District,602850,602850,2623,4333,7533,1844,104,889,727,11,23,16,11,34
CALIFORNIA,John Swett Unified School District,618990,618990,299,337,530,346,15,187,450,10,40,1,2,1
CALIFORNIA,Pittsburg Unified School District,630600,630600,626,1970,7329,1092,24,448,655,2,36,6,3,26
CALIFORNIA,West Contra Costa Unified School District,632550,632550,3155,5227,16989,4896,69,931,1916,41,47,11,15,17
CALIFORNIA,Windsor Unified School District,600034,600034,2255,33,2648,111,56,122,433,1,7,2,7,7
CALIFORNIA,Cotati-Rohnert Park Unified School District,609940,609940,2813,134,2550,283,40,452,4961,215,405,1026,21,284
CALIFORNIA,Temple City Unified School District,638980,638980,508,35,1227,3925,9,180,3017,294,184,293,13,217
CALIFORNIA,Arcadia Unified School District,602970,602970,1290,170,1380,6491,12,182,3891,122,268,298,12,153
CALIFORNIA,San Ramon Valley Unified School District,635130,635130,13827,542,2846,12695,61,2454,4483,17,235,42,6,133
CALIFORNIA,Bellflower Unified School District,604440,604440,1274,1604,7928,1131,59,301,4775,46,305,73,11,166
CALIFORNIA,Hamilton Unified School District,601339,601339,48,2,593,8,3,43,4846,1012,2278,313,90,633
